8,1000000000000000000.000000,B
4,604094220287887104.000000,B
0,0.000000,B
0,0.000000,B
4,510000000000000000.000000,B
17,12800000000000000.000000,B
21,10000000000000000.000000,B
5,1142132222155257216.000000,B
0,0.000000,B
0,0.000000,B
0,0.000000,B
11,40375107425111152.000000,B
0,0.000000,B
0,0.000000,B
13,0.000000,B
0,0.000000,B
0,0.000000,B
0,0.000000,B
61,0.000000,B
14,1030500000000000000.000000,B
0,0.000000,B
0,0.000000,B
8,3869819220000000000.000000,B
36,0.000000,B
0,0.000000,B
0,0.000000,B
45,10000000000000000000.000000,B
0,0.000000,B
0,0.000000,B
6,0.000000,B
0,0.000000,B
21,10000000000000000.000000,B
0,0.000000,B
8,620000000000000000.000000,B
8,1213680731649880576.000000,B
4,0.000000,B
38,0.000000,B
0,0.000000,B
0,0.000000,B
0,0.000000,B
0,0.000000,B
24,0.000000,B
25,106000000000000000.000000,B
14,4201002660000000000.000000,B
8,12000000000000000.000000,B
25,0.000000,B
9,17899002339218566.000000,B
11,300000000000000.000000,B
7,280000000000000000.000000,B
11,17140915723821448.000000,B
5,200000000000000000.000000,B
8,1089232000000000000.000000,B
19,0.000000,B
10,0.000000,B
0,0.000000,B
11,0.000000,B
19,0.000000,B
39,0.000000,B
6,5217071410080651264.000000,B
61,0.000000,B
22,0.000000,B
3,14000000000000000.000000,B
0,0.000000,B
0,0.000000,B
0,0.000000,B
21,0.000000,B
4,200464000000000000.000000,B
0,0.000000,B
0,0.000000,B
8,178490697383662208.000000,B
0,0.000000,B
17,106200000000000.000000,B
0,0.000000,B
11,163760048000000000.000000,B
0,0.000000,B
0,0.000000,B
0,0.000000,B
5,0.000000,B
15,118243131532308320.000000,B
27,100000000000000000.000000,B
26,199000000000000000.000000,B
0,0.000000,B
0,0.000000,B
45,0.000000,B
0,0.000000,B
4,30000000000000000.000000,B
0,0.000000,B
2,97320000000000000.000000,B
4,1818079270000000000.000000,B
10,25000000000000000.000000,B
7,30000000000000000.000000,B
8,200000000000000000.000000,B
0,0.000000,B
4,0.000000,B
19,140000000000000000.000000,B
2,20000000000000000.000000,B
7,0.000000,B
4,600000000000000000.000000,B
50,0.000000,B
0,0.000000,B
11,3724050700000000000.000000,B
24,0.000000,B
0,0.000000,B
22,20000000000000000.000000,B
15,0.000000,B
21,137793487631223312.000000,B
0,0.000000,B
7,140777009775153920.000000,B
6,2224621452569506304.000000,B
49,15000000000000000.000000,B
3,500000000000000000.000000,B
0,0.000000,B
0,0.000000,B
0,0.000000,B
18,12482885666850320384.000000,B
27,168000000000000000.000000,B
16,0.000000,B
0,0.000000,B
21,0.000000,B
3,928709480323418752.000000,B
0,0.000000,B
0,0.000000,B
10,0.000000,B
0,0.000000,B
0,0.000000,B
13,0.000000,B
6,62268121847798248.000000,B
0,0.000000,B
10,20000000000000000.000000,B
0,0.000000,B
26,0.000000,B
7,50000000000000000.000000,B
15,110000000000000000.000000,B
0,0.000000,B
5,0.000000,B
5,30000000000000000.000000,B
19,0.000000,B
0,0.000000,B
22,1640075000000000000.000000,B
19,3986188188712533.000000,B
0,0.000000,B
21,143921960000000000.000000,B
3,402000000000000000.000000,B
23,177600000000000000.000000,B
37,0.000000,B
25,133228636882600752.000000,B
0,0.000000,B
0,0.000000,B
6,143000000000000000.000000,B
5,14418915100902164.000000,B
0,0.000000,B
7,398500000000000000.000000,B
0,0.000000,B
2,245953003248627872.000000,B
0,0.000000,B
15,0.000000,B
16,133700000000000.000000,B
0,0.000000,B
5,0.000000,B
4,338621492306752000.000000,B
0,0.000000,B
0,0.000000,B
0,0.000000,B
7,3000000000000000000.000000,B
6,100000000000000000.000000,B
0,0.000000,B
34,108902800000000000.000000,B
0,0.000000,B
3,30000000000000000.000000,B
3,310000000000000000.000000,B
0,0.000000,B
6,0.000000,B
0,0.000000,B
5,14000000000000000.000000,B
0,0.000000,B
0,0.000000,B
2,0.000000,B
5,11000000000000000.000000,B
18,0.000000,B
3,409000000000000000.000000,B
12,30000000000000000.000000,B
10,12921034992457980.000000,B
0,0.000000,B
51,0.000000,B
63,40000000000000000.000000,B
5,300000000000000000.000000,B
24,1418225162853848320.000000,B
10,36100000000000000.000000,B
6,0.000000,B
0,0.000000,B
7,200000000000000000.000000,B
25,100000000000000.000000,B
15,0.000000,B
8,44000000000000000.000000,B
11,2000000000000000.000000,B
6,0.000000,B
28,0.000000,B
0,0.000000,B
11,0.000000,B
3,3300000000000000.000000,B
0,0.000000,B
34,280000000000000000.000000,B
37,0.000000,B
3,267100000000000000.000000,B
29,0.000000,B
0,0.000000,B
6,25000000000000000.000000,B
5,0.000000,B
31,11808735918613692.000000,B
31,0.000000,B
0,0.000000,B
0,0.000000,B
0,0.000000,B
16,14521516046275232.000000,B
23,1380000000000000.000000,B
6,300000000000000000.000000,B
11,313723389788323392.000000,B
8,0.000000,B
12,150000000000000000.000000,B
3,78380161501863216.000000,B
0,0.000000,B
57,0.000000,B
19,143065620000000000.000000,B
0,0.000000,B
5,21000000000000000.000000,B
0,0.000000,B
8,1000000000000000.000000,B
0,0.000000,B
0,0.000000,B
0,0.000000,B
9,286668700000000000.000000,B
2,75845449246432944.000000,B
6,20000000000000000.000000,B
0,0.000000,B
32,0.000000,B
15,125400000000000000.000000,B
0,0.000000,B
0,0.000000,B
0,0.000000,B
6,20000000000000000.000000,B
9,100000000000000000.000000,B
27,0.000000,B
37,0.000000,B
33,0.000000,B
0,0.000000,B
3,1323772120082107136.000000,B
25,202800000000000000.000000,B
3,70000000000000000.000000,B
0,0.000000,B
0,0.000000,B
7,0.000000,B
6,0.000000,B
2,120000000000000000.000000,B
12,1000000000000000.000000,B
14,167750322386497984.000000,B
0,0.000000,B
0,0.000000,B
0,0.000000,B
18,11627000000000000.000000,B
0,0.000000,B
0,0.000000,B
0,0.000000,B
0,0.000000,B
17,211348700000000000.000000,B
4,1450000000000000000.000000,B
2,60000000000000000.000000,B
0,0.000000,B
12,10000000000000000.000000,B
0,0.000000,B
19,24656350174398824.000000,B
5,3100000000000000.000000,B
0,0.000000,B
0,0.000000,B
0,0.000000,B
0,0.000000,B
17,127000000000000000.000000,B
0,0.000000,B
11,0.000000,B
0,0.000000,B
6,300000000000000000.000000,B
0,0.000000,B
59,0.000000,B
0,0.000000,B
0,0.000000,B
0,0.000000,B
0,0.000000,B
13,400000000000000000.000000,B
37,0.000000,B
5,305377273837114048.000000,B
11,0.000000,B
0,0.000000,B
5,30000000000000000.000000,B
27,0.000000,B
11,0.000000,B
0,0.000000,B
5,0.000000,B
0,0.000000,B
0,0.000000,B
3,76000000000000000.000000,B
2,511200000000000.000000,B
17,0.000000,B
4,0.000000,B
10,1701199614379939840.000000,B
0,0.000000,B
0,0.000000,B
12,0.000000,B
1,600000000000000.000000,B
2,34500000000000000.000000,B
0,0.000000,B
0,0.000000,B
25,3151741483704811520.000000,B
8,130054679843502800.000000,B
11,0.000000,B
3,1631884000000000000.000000,B
0,0.000000,B
4,59000000000000000.000000,B
12,100000000000000.000000,B
0,0.000000,B
13,0.000000,B
0,0.000000,B
0,0.000000,B
0,0.000000,B
4,57000000000000000.000000,B
5,249960000000000032.000000,B
2,63189870547474824.000000,B
0,0.000000,B
4,1978695176767557632.000000,B
0,0.000000,B
0,0.000000,B
0,0.000000,B
0,0.000000,B
9,47707463732483672.000000,B
9,20500000000000000.000000,B
20,0.000000,B
0,0.000000,B
6,176122377982251264.000000,B
19,0.000000,B
53,1500000000000000.000000,B
9,210540000000000000.000000,B
4,390000000000000000.000000,B
9,16510000000000000000.000000,B
0,0.000000,B
4,525500000000000000.000000,B
3,0.000000,B
12,17461007505502468.000000,B
12,10000000000000000.000000,B
0,0.000000,B
36,0.000000,B
40,0.000000,B
9,36100000000000000.000000,B
7,21820000000000000.000000,B
0,0.000000,B
48,0.000000,B
3,401000000000000000.000000,B
9,14535430850575426.000000,B
35,10000000000000000.000000,B
11,3958909590000000000.000000,B
0,0.000000,B
9,1168000000000000000.000000,B
0,0.000000,B
0,0.000000,B
37,0.000000,B
0,0.000000,B
6,42644181348179080.000000,B
24,0.000000,B
5,385000000000000000.000000,B
13,0.000000,B
11,3865045750000000000.000000,B
4,550000000000000000.000000,B
0,0.000000,B
28,0.000000,B
0,0.000000,B
0,0.000000,B
4,0.000000,B
11,16070431061382178.000000,B
9,30000000000000000.000000,B
4,262499474701376992.000000,B
0,0.000000,B
6,200329926000000000.000000,B
2,0.000000,B
0,0.000000,B
6,186170418412130976.000000,B
0,0.000000,B
5,0.000000,B
15,0.000000,B
40,0.000000,B
0,0.000000,B
8,132000000000000000.000000,B
8,0.000000,B
29,0.000000,B
32,0.000000,B
6,0.000000,B
21,0.000000,B
6,142267157282053344.000000,B
9,4678030000000000.000000,B
8,205444377454527008.000000,B
36,0.000000,B
6,0.000000,B
4,21400000000000000.000000,B
3,50000000000000000.000000,B
0,0.000000,B
6,27355003835612540.000000,B
31,100000000000000.000000,B
48,0.000000,B
0,0.000000,B
0,0.000000,B
0,0.000000,B
20,0.000000,B
31,1000000000000000000.000000,B
0,0.000000,B
19,160000000000000000.000000,B
6,1000000000000000000.000000,B
0,0.000000,B
9,36100000000000000.000000,B
5,0.000000,B
41,0.000000,B
0,0.000000,B
0,0.000000,B
0,0.000000,B
0,0.000000,B
0,0.000000,B
29,0.000000,B
0,0.000000,B
12,235000000000000000.000000,B
20,103000000000000000.000000,B
0,0.000000,B
5,3999999998100000.000000,B
3,255000000000000000.000000,B
11,232316923923257984.000000,B
2,95606720000000000.000000,B
47,0.000000,B
0,0.000000,B
0,0.000000,B
0,0.000000,B
25,11000000000000000.000000,B
15,0.000000,B
45,0.000000,B
10,0.000000,B
7,0.000000,B
0,0.000000,B
26,0.000000,B
41,0.000000,B
0,0.000000,B
43,0.000000,B
0,0.000000,B
18,0.000000,B
6,188549853000000000.000000,B
3,1145342231347913984.000000,B
15,200000000000000000.000000,B
0,0.000000,B
8,248809000000000000.000000,B
12,179964115735890656.000000,B
4,219526000000000000.000000,B
39,0.000000,B
23,10000000000000.000000,B
4,200000000000000000.000000,B
0,0.000000,B
0,0.000000,B
0,0.000000,B
6,40000000000000000.000000,B
0,0.000000,B
0,0.000000,B
5,133000000000000000.000000,B
0,0.000000,B
15,24873391826249044.000000,B
27,1500000000000000000.000000,B
5,0.000000,B
10,35000000000000000.000000,B
19,0.000000,B
5,30000000000000000.000000,B
2,0.000000,B
4,582793489194072192.000000,B
13,0.000000,B
38,0.000000,B
0,0.000000,B
3,38835731226722216.000000,B
0,0.000000,B
7,263661000000000000.000000,B
0,0.000000,B
3,0.000000,B
0,0.000000,B
4,116666956530572624.000000,B
2,125265000000000.000000,B
0,0.000000,B
3,20000000000000000.000000,B
0,0.000000,B
34,270000000000000000.000000,B
42,10000000000000000.000000,B
3,100000000000000000.000000,B
0,0.000000,B
0,0.000000,B
6,20000000000000000.000000,B
0,0.000000,B
5,7800000000009003.000000,B
5,42000000000000000.000000,B
36,1050000000000000.000000,B
15,0.000000,B
18,0.000000,B
14,0.000000,B
6,2045000000000000000.000000,B
0,0.000000,B
23,0.000000,B
11,0.000000,B
41,0.000000,B
11,205558160593150496.000000,B
3,4063916350077603.000000,B
0,0.000000,B
10,15000000000000000.000000,B
0,0.000000,B
0,0.000000,B
29,0.000000,B
16,0.000000,B
0,0.000000,B
26,0.000000,B
28,0.000000,B
6,0.000000,B
4,0.000000,B
2,1866651977822870.000000,B
24,150643251849589952.000000,B
0,0.000000,B
17,151400000000000000.000000,B
0,0.000000,B
0,0.000000,B
0,0.000000,B
0,0.000000,B
7,250000000000000000.000000,B
8,32163388000000000.000000,B
7,1000000000000000000.000000,B
7,280000000000000000.000000,B
4,52190000000000000.000000,B
6,340000000000000000.000000,B
3,1230790000000000000.000000,B
0,0.000000,B
40,0.000000,B
18,1000000000000000000.000000,B
0,0.000000,B
0,0.000000,B
0,0.000000,B
0,0.000000,B
0,0.000000,B
25,10000000000000000.000000,B
21,0.000000,B
2,5000000000000000.000000,B
0,0.000000,B
0,0.000000,B
0,0.000000,B
0,0.000000,B
12,24273985945242632.000000,B
10,10000000000000000.000000,B
0,0.000000,B
0,0.000000,B
0,0.000000,B
0,0.000000,B
15,0.000000,B
0,0.000000,B
38,0.000000,B
0,0.000000,B
12,1488862010000000000.000000,B
0,0.000000,B
10,1245298390000000000.000000,B
3,73460052735053120.000000,B
4,91500000000000000.000000,B
4,260000000000000000.000000,B
0,0.000000,B
5,400000000000000.000000,B
3,230000000000000000.000000,B
0,0.000000,B
16,1410000000000000000.000000,B
11,0.000000,B
0,0.000000,B
3,499850000000000000.000000,B
0,0.000000,B
9,0.000000,B
4,2100000000000000000.000000,B
40,0.000000,B
20,0.000000,B
11,2000996000000000000.000000,B
42,10000000000000000.000000,B
0,0.000000,B
35,0.000000,B
0,0.000000,B
5,20000000000000000.000000,B
5,0.000000,B
0,0.000000,B
11,1038651802743371392.000000,B
4,56310000000000000.000000,B
0,0.000000,B
0,0.000000,B
0,0.000000,B
0,0.000000,B
4,3069647000000000000.000000,B
25,13000000000000000.000000,B
4,174800000000000000.000000,B
20,20000000000000000.000000,B
0,0.000000,B
3,58000000000000000.000000,B
8,0.000000,B
12,0.000000,B
6,0.000000,B
11,201568861943572000.000000,B
0,0.000000,B
6,20000000000000000.000000,B
3,0.000000,B
32,0.000000,B
0,0.000000,B
0,0.000000,B
30,100000000000000000.000000,B
0,0.000000,B
8,120000000000000000.000000,B
1,0.000000,B
0,0.000000,B
0,0.000000,B
16,15000000000000000.000000,B
17,20000000000000000.000000,B
10,2808392680000000000.000000,B
15,0.000000,B
10,0.000000,B
0,0.000000,B
20,0.000000,B
5,130000000000000000.000000,B
17,280000000000000000.000000,B
0,0.000000,B
0,0.000000,B
4,210000000000000000.000000,B
14,0.000000,B
1,0.000000,B
15,0.000000,B
8,0.000000,B
0,0.000000,B
9,0.000000,B
7,180749068840540992.000000,B
4,50000000000000000.000000,B
0,0.000000,B
10,20000000000000000.000000,B
0,0.000000,B
0,0.000000,B
43,149408960445714688.000000,B
5,200570000000000000.000000,B
0,0.000000,B
7,15771000000000000.000000,B
14,181254305186539584.000000,B
25,0.000000,B
10,20000000000000000.000000,B
30,0.000000,B
0,0.000000,B
6,338427257767228928.000000,B
0,0.000000,B
0,0.000000,B
3,40446684833685000.000000,B
39,0.000000,B
0,0.000000,B
0,0.000000,B
11,200000000000000000.000000,B
9,0.000000,B
13,20000000000000000.000000,B
32,0.000000,B
0,0.000000,B
3,0.000000,B
12,30000000000000000.000000,B
4,515685381868629248.000000,B
31,0.000000,B
0,0.000000,B
11,0.000000,B
0,0.000000,B
0,0.000000,B
4,147171000000000000.000000,B
0,0.000000,B
0,0.000000,B
23,100000000000000000.000000,B
0,0.000000,B
4,511946688874393152.000000,B
3,86038306390420528.000000,B
6,50000000000000000.000000,B
26,0.000000,B
5,510000000000000000.000000,B
5,448685899724277568.000000,B
0,0.000000,B
44,0.000000,B
22,144000000000000000.000000,B
18,0.000000,B
53,0.000000,B
0,0.000000,B
3,2034095000000000000.000000,B
0,0.000000,B
0,0.000000,B
27,0.000000,B
0,0.000000,B
0,0.000000,B
3,42709221868771832.000000,B
1,0.000000,B
0,0.000000,B
0,0.000000,B
11,0.000000,B
8,122803833156588848.000000,B
0,0.000000,B
0,0.000000,B
22,0.000000,B
0,0.000000,B
21,0.000000,B
11,20000000000000000.000000,B
8,0.000000,B
13,1840200000000008960.000000,B
7,150000000000000000.000000,B
4,1350000000000000000.000000,B
0,0.000000,B
0,0.000000,B
10,35000000000000000.000000,B
10,1350000000000000.000000,B
7,500000000000000000.000000,B
0,0.000000,B
0,0.000000,B
7,200000000000000000.000000,B
25,0.000000,B
9,140000000000000000.000000,B
14,113853030000000000.000000,B
0,0.000000,B
0,0.000000,B
7,1618316951254726.000000,B
3,345000000000000.000000,B
0,0.000000,B
10,40040793460448048.000000,B
4,215000000000000000.000000,B
5,501431470725609792.000000,B
5,245000000000000000.000000,B
9,10000000000000000.000000,B
7,0.000000,B
0,0.000000,B
8,30000000000000000.000000,B
3,110000000000000000.000000,B
51,0.000000,B
11,250000000000000000.000000,B
3,554183590997129920.000000,B
29,0.000000,B
8,245088014374425152.000000,B
2,20000000000000000.000000,B
0,0.000000,B
0,0.000000,B
9,230000000000000000.000000,B
30,100000000000000000.000000,B
0,0.000000,B
0,0.000000,B
13,161954490877323520.000000,B
7,40000000000000000.000000,B
0,0.000000,B
0,0.000000,B
24,0.000000,B
0,0.000000,B
35,0.000000,B
4,487100000000000000.000000,B
28,20000000000000000.000000,B
34,0.000000,B
41,0.000000,B
17,0.000000,B
18,0.000000,B
6,20000000000000000.000000,B
0,0.000000,B
7,3500000000000000.000000,B
0,0.000000,B
26,0.000000,B
5,0.000000,B
0,0.000000,B
0,0.000000,B
14,113000000000000.000000,B
22,13494232579343412.000000,B
3,420605051450426880.000000,B
0,0.000000,B
0,0.000000,B
13,350000000000000000.000000,B
34,0.000000,B
0,0.000000,B
3,33000000000000000.000000,B
6,18304605928506789888.000000,B
0,0.000000,B
5,497789698520812928.000000,B
3,1103689000000000000.000000,B
8,0.000000,B
5,5000000000000000.000000,B
12,4027111093870843904.000000,B
5,10000000000000000.000000,B
38,0.000000,B
3,0.000000,B
0,0.000000,B
0,0.000000,B
0,0.000000,B
6,3120870000000000000.000000,B
7,0.000000,B
0,0.000000,B
4,210388000000000000.000000,B
0,0.000000,B
11,44078941600000000.000000,B
6,160000000000000000.000000,B
0,0.000000,B
0,0.000000,B
2,80000000000000000.000000,B
13,0.000000,B
0,0.000000,B
39,0.000000,B
2,0.000000,B
24,1000000000000000.000000,B
20,0.000000,B
8,0.000000,B
0,0.000000,B
3,1343302728677866496.000000,B
5,166968759527353792.000000,B
12,312471050544097600.000000,B
15,0.000000,B
0,0.000000,B
1,30000000000000000.000000,B
11,0.000000,B
0,0.000000,B
13,165000000000000000.000000,B
3,37627527890179832.000000,B
38,0.000000,B
5,240000000000000000.000000,B
0,0.000000,B
0,0.000000,B
14,318332417357093952.000000,B
3,41170013948664472.000000,B
35,128677300000000000.000000,B
0,0.000000,B
33,1000000000000000.000000,B
0,0.000000,B
18,0.000000,B
33,119000000000000000.000000,B
3,0.000000,B
2,40000000000000000.000000,B
10,193959350361016768.000000,B
4,750000000000000000.000000,B
0,0.000000,B
41,0.000000,B
4,128583000000000000.000000,B
0,0.000000,B
8,0.000000,B
0,0.000000,B
5,0.000000,B
31,115000000000000000.000000,B
11,25000000000000000.000000,B
0,0.000000,B
3,10112641368151685120.000000,B
0,0.000000,B
11,110000000000000000.000000,B
14,0.000000,B
18,1902415370000000000.000000,B
0,0.000000,B
5,20000000000000000.000000,B
27,160000000000000000.000000,B
0,0.000000,B
0,0.000000,B
3,118300000000009008.000000,B
5,109522139201913472.000000,B
5,388130518436473024.000000,B
8,36757741094749856.000000,B
0,0.000000,B
42,0.000000,B
20,0.000000,B
34,0.000000,B
23,0.000000,B
10,154557174736107648.000000,B
4,2500000000000000.000000,B
0,0.000000,B
0,0.000000,B
0,0.000000,B
3,491525404730000000.000000,B
0,0.000000,B
27,1005976083890162816.000000,B
2,80000000000000000.000000,B
0,0.000000,B
4,3063610000000000000.000000,B
19,11343010000000000.000000,B
8,42689880041238864.000000,B
2,61957165915050336.000000,B
5,0.000000,B
0,0.000000,B
0,0.000000,B
0,0.000000,B
22,0.000000,B
5,219331760449683552.000000,B
10,211263407141169056.000000,B
0,0.000000,B
10,0.000000,B
6,31654080000000000.000000,B
0,0.000000,B
0,0.000000,B
13,0.000000,B
0,0.000000,B
5,200000000000000000.000000,B
0,0.000000,B
21,109758508000000000.000000,B
3,22747851097970620.000000,B
0,0.000000,B
0,0.000000,B
31,20000000000000000.000000,B
0,0.000000,B
3,39566453326963832.000000,B
0,0.000000,B
0,0.000000,B
0,0.000000,B
10,1900000000000000000.000000,B
0,0.000000,B
5,200000000000000000.000000,B
0,0.000000,B
0,0.000000,B
32,10000000000000000.000000,B
0,0.000000,B
14,20000000000000000.000000,B
0,0.000000,B
14,233813470205433952.000000,B
11,392479980000000000.000000,B
0,0.000000,B
3,297784301329743104.000000,B
23,0.000000,B
5,0.000000,B
5,570045710876508544.000000,B
36,0.000000,B
41,0.000000,B
3,395000000000000000.000000,B
37,0.000000,B
0,0.000000,B
5,260000000000000000.000000,B
22,0.000000,B
26,100000000000000000.000000,B
0,0.000000,B
0,0.000000,B
0,0.000000,B
4,542000000000000000.000000,B
25,0.000000,B
17,11000000000000000.000000,B
0,0.000000,B
8,101460930748424672.000000,B
0,0.000000,B
33,0.000000,B
6,0.000000,B
0,0.000000,B
10,15200000000000000.000000,B
0,0.000000,B
0,0.000000,B
0,0.000000,B
7,0.000000,B
5,1262595055293235456.000000,B
6,250000000000000000.000000,B
0,0.000000,B
36,0.000000,B
0,0.000000,B
0,0.000000,B
0,0.000000,B
2,55000000000000000.000000,B
9,106190000000000000.000000,B
23,10000000000000000.000000,B
0,0.000000,B
14,0.000000,B
0,0.000000,B
0,0.000000,B
9,10000000000000000.000000,B
0,0.000000,B
3,30000000000000000.000000,B
0,0.000000,B
11,222268926691360096.000000,B
22,133700000000000.000000,B
11,118000000000000000.000000,B
13,27819178244642000.000000,B
8,0.000000,B
6,25000000000000000.000000,B
36,0.000000,B
8,203387968048114816.000000,B
0,0.000000,B
0,0.000000,B
0,0.000000,B
10,42050529764165632.000000,B
51,0.000000,B
6,0.000000,B
34,1100000000000000.000000,B
11,300000000000000000.000000,B
4,11000000000000000.000000,B
9,0.000000,B
6,280000000000000000.000000,B
6,170554277909200384.000000,B
2,20000000000000000.000000,B
0,0.000000,B
23,0.000000,B
5,440000000000000000.000000,B
0,0.000000,B
0,0.000000,B
47,1500000000000000.000000,B
4,499850000000000000.000000,B
0,0.000000,B
0,0.000000,B
4,471385833383397760.000000,B
0,0.000000,B
1,0.000000,B
0,0.000000,B
7,10436571372345176.000000,B
4,0.000000,B
0,0.000000,B
0,0.000000,B
0,0.000000,B
0,0.000000,B
0,0.000000,B
5,30000000000000000.000000,B
26,0.000000,B
4,895434472359623936.000000,B
4,0.000000,B
8,0.000000,B
0,0.000000,B
0,0.000000,B
0,0.000000,B
4,0.000000,B
0,0.000000,B
0,0.000000,B
12,200000000000000000.000000,B
0,0.000000,B
58,0.000000,B
5,0.000000,B
4,441000000000000000.000000,B
9,10356600000000000.000000,B
3,404000000000000000.000000,B
0,0.000000,B
0,0.000000,B
54,0.000000,B
6,2600000000000000.000000,B
12,166896851599582528.000000,B
0,0.000000,B
28,15000000000000000.000000,B
5,160940000000000000.000000,B
22,0.000000,B
0,0.000000,B
0,0.000000,B
1,4000000000000000.000000,B
0,0.000000,B
3,17000000000000000.000000,B
5,46909900000000000.000000,B
28,31200000000000000.000000,B
0,0.000000,B
11,25000000000000000.000000,B
40,14206900000000000.000000,B
2,29790833238362304.000000,B
0,0.000000,B
3,723204111722407808.000000,B
10,1000000000000000000.000000,B
0,0.000000,B
6,50000000000000000.000000,B
18,0.000000,B
0,0.000000,B
2,30000000000000000.000000,B
3,31654080000000000.000000,B
0,0.000000,B
13,3200000000000000.000000,B
35,0.000000,B
6,21200000000009004.000000,B
12,3498846908943155200.000000,B
2,255500000000000.000000,B
0,0.000000,B
0,0.000000,B
0,0.000000,B
4,0.000000,B
10,0.000000,B
0,0.000000,B
22,0.000000,B
1,0.000000,B
0,0.000000,B
15,11587859239686200.000000,B
7,114196034236106416.000000,B
2,114983000000000000.000000,B
0,0.000000,B
22,10000000000000000.000000,B
4,47462126874445664.000000,B
0,0.000000,B
28,0.000000,B
2,60145815299641408.000000,B
0,0.000000,B
6,120000000000000000.000000,B
2,91430000000000000.000000,B
0,0.000000,B
8,137979469483345792.000000,B
0,0.000000,B
0,0.000000,B
6,2000000000000000000.000000,B
16,215000000000000000.000000,B
13,0.000000,B
18,250000000000000000.000000,B
65,0.000000,B
0,0.000000,B
26,1451604161149263104.000000,B
0,0.000000,B
0,0.000000,B
34,0.000000,B
0,0.000000,B
0,0.000000,B
4,285000000000000000.000000,B
10,31434721231057656.000000,B
10,12126037022625950.000000,B
0,0.000000,B
5,3100000000000000.000000,B
0,0.000000,B
6,876000000000000000.000000,B
3,120000000000000000.000000,B
14,222835000000000000.000000,B
13,0.000000,B
15,0.000000,B
2,20000000000000000.000000,B
5,0.000000,B
4,1037437710000000000.000000,B
0,0.000000,B
5,30000000000000000.000000,B
27,0.000000,B
8,129000000000000.000000,B
0,0.000000,B
4,517682964200000000.000000,B
0,0.000000,B
0,0.000000,B
46,0.000000,B
4,50679000000000000.000000,B
4,0.000000,B
24,0.000000,B
49,0.000000,B
34,0.000000,B
1,24500000000000000.000000,B
6,0.000000,B
0,0.000000,B
38,0.000000,B
7,1183445273527237376.000000,B
0,0.000000,B
39,0.000000,B
25,0.000000,B
37,0.000000,B
34,18186169947495172.000000,B
12,0.000000,B
21,0.000000,B
10,2900681080000000000.000000,B
8,193151203890374336.000000,B
5,440963404505679232.000000,B
25,10000000000000000.000000,B
42,15000000000000000.000000,B
12,20000000000000000.000000,B
31,0.000000,B
7,310000000000000000.000000,B
6,180000000000000000.000000,B
33,101000000000000000.000000,B
0,0.000000,B
27,0.000000,B
34,129587229061656000.000000,B
3,952479085588909952.000000,B
2,7000000000000000.000000,B
20,120000000000000000.000000,B
0,0.000000,B
42,0.000000,B
14,0.000000,B
0,0.000000,B
8,189930000000000000.000000,B
0,0.000000,B
0,0.000000,B
0,0.000000,B
0,0.000000,B
38,0.000000,B
0,0.000000,B
4,2200000000000000000.000000,B
2,3500000000000000.000000,B
18,12932000000000000.000000,B
0,0.000000,B
3,75986020382969184.000000,B
0,0.000000,B
4,0.000000,B
0,0.000000,B
6,35000000000000000.000000,B
3,120000000000000000.000000,B
0,0.000000,B
4,36677900000000000.000000,B
0,0.000000,B
29,110000000000000000.000000,B
5,50000000000000000.000000,B
21,0.000000,B
0,0.000000,B
6,0.000000,B
2,20000000000000000.000000,B
4,200000000000000000.000000,B
13,1747000000000000000.000000,B
10,180726214982967552.000000,B
47,0.000000,B
11,300000000000000000.000000,B
19,0.000000,B
15,0.000000,B
0,0.000000,B
18,0.000000,B
9,1083000000000000000.000000,B
0,0.000000,B
0,0.000000,B
0,0.000000,B
0,0.000000,B
6,350000000000000000.000000,B
0,0.000000,B
0,0.000000,B
0,0.000000,B
0,0.000000,B
0,0.000000,B
5,0.000000,B
0,0.000000,B
15,13000000000000000.000000,B
0,0.000000,B
0,0.000000,B
0,0.000000,B
0,0.000000,B
0,0.000000,B
3,1003588000000000000.000000,B
23,0.000000,B
13,0.000000,B
0,0.000000,B
0,0.000000,B
5,260000000000000000.000000,B
0,0.000000,B
0,0.000000,B
12,0.000000,B
0,0.000000,B
5,240000000000000000.000000,B
29,10490000000000000.000000,B
0,0.000000,B
6,43871640000000000.000000,B
4,55000000000000000.000000,B
0,0.000000,B
12,1520850000000000000.000000,B
7,0.000000,B
4,512952410865629824.000000,B
4,180528000000000000.000000,B
0,0.000000,B
2,260000000000000000.000000,B
5,0.000000,B
7,0.000000,B
0,0.000000,B
2,47347600000000000.000000,B
13,400000000000000000.000000,B
51,0.000000,B
0,0.000000,B
45,0.000000,B
29,0.000000,B
10,0.000000,B
12,3780000000000000.000000,B
3,22474436453293248.000000,B
6,220000000000000000.000000,B
4,0.000000,B
0,0.000000,B
0,0.000000,B
5,46972090016237408.000000,B
5,0.000000,B
3,8000000000000000.000000,B
0,0.000000,B
11,171500000000000000.000000,B
13,0.000000,B
10,40349633746577568.000000,B
2,93521312947983904.000000,B
0,0.000000,B
5,20000000000000000.000000,B
0,0.000000,B
50,0.000000,B
27,100000000000000000.000000,B
31,0.000000,B
2,65119502383061584.000000,B
0,0.000000,B
0,0.000000,B
4,50000000000000000.000000,B
11,25000000000000000.000000,B
9,200000000000000000.000000,B
0,0.000000,B
16,280000000000000000.000000,B
16,390000000000000000.000000,B
5,150940000000000000.000000,B
17,10016000000000000.000000,B
10,2124894330000000000.000000,B
0,0.000000,B
8,0.000000,B
0,0.000000,B
4,110000000000000000.000000,B
12,2000000000000000000.000000,B
14,2495000000000000000.000000,B
0,0.000000,B
0,0.000000,B
0,0.000000,B
0,0.000000,B
1,4000000000000000.000000,B
0,0.000000,B
0,0.000000,B
0,0.000000,B
14,217826548047299424.000000,B
12,0.000000,B
0,0.000000,B
6,48000000000000000.000000,B
10,2000000000000000.000000,B
0,0.000000,B
0,0.000000,B
0,0.000000,B
5,0.000000,B
0,0.000000,B
32,0.000000,B
2,0.000000,B
17,0.000000,B
11,25000000000000000.000000,B
4,0.000000,B
0,0.000000,B
0,0.000000,B
30,100000000000000000.000000,B
0,0.000000,B
3,0.000000,B
2,1500000000000000000.000000,B
15,290000000000000000.000000,B
0,0.000000,B
4,21000000000000000.000000,B
31,0.000000,B
3,453083000000000000.000000,B
0,0.000000,B
6,0.000000,B
0,0.000000,B
37,0.000000,B
15,0.000000,B
0,0.000000,B
0,0.000000,B
0,0.000000,B
2,77728033101640016.000000,B
13,305000000000000000.000000,B
0,0.000000,B
0,0.000000,B
3,0.000000,B
10,0.000000,B
7,424450020000000000.000000,B
18,0.000000,B
18,0.000000,B
0,0.000000,B
0,0.000000,B
19,290000000000000000.000000,B
0,0.000000,B
16,3000000000000000.000000,B
35,0.000000,B
0,0.000000,B
6,0.000000,B
15,33000000000000000.000000,B
9,200000000000000000.000000,B
0,0.000000,B
9,0.000000,B
4,140022000000000000.000000,B
0,0.000000,B
10,2716546130000000000.000000,B
13,295000000000000000.000000,B
7,125000000000000000000.000000,B
0,0.000000,B
6,266000000000000000.000000,B
1,0.000000,B
13,12000000000000000.000000,B
5,880000000000000000.000000,B
11,243016432923257984.000000,B
22,149319720687489344.000000,B
0,0.000000,B
46,0.000000,B
4,613128443039949696.000000,B
20,0.000000,B
0,0.000000,B
39,0.000000,B
0,0.000000,B
9,404849200000000000.000000,B
24,0.000000,B
0,0.000000,B
0,0.000000,B
2,30000000000000000.000000,B
5,3000000000000000.000000,B
20,137793487631223312.000000,B
0,0.000000,B
3,80000000000000000.000000,B
10,0.000000,B
3,160000000000000000.000000,B
3,30000000000000000.000000,B
0,0.000000,B
3,11933780000000000.000000,B
1,115686765632831648.000000,B
4,457393094472988288.000000,B
4,80000000000000000.000000,B
0,0.000000,B
0,0.000000,B
26,0.000000,B
0,0.000000,B
3,169266173783812064.000000,B
2,37000000000000000.000000,B
3,118772381075903968.000000,B
1,0.000000,B
36,0.000000,B
8,24000000000000000.000000,B
11,28454233192722132.000000,B
5,5000000000000000.000000,B
7,0.000000,B
7,4000000000000000000.000000,B
5,300000000000000000.000000,B
0,0.000000,B
0,0.000000,B
4,2920000000000000000.000000,B
0,0.000000,B
37,0.000000,B
5,1124116786273127040.000000,B
15,0.000000,B
60,0.000000,B
22,0.000000,B
10,160166477520703360.000000,B
10,0.000000,B
8,31753337000000000.000000,B
5,244000000000000000.000000,B
0,0.000000,B
1,90000000000000000.000000,B
5,0.000000,B
48,1327738949852833536.000000,B
39,0.000000,B
0,0.000000,B
4,603460311027685760.000000,B
5,270000000000000000.000000,B
15,0.000000,B
4,25000000000000000.000000,B
8,3200000000000000.000000,B
10,30000000000000000.000000,B
6,0.000000,B
37,100000000000000.000000,B
3,15000000000000000.000000,B
16,131484453956188528.000000,B
9,0.000000,B
18,102200000000000000.000000,B
19,0.000000,B
11,100940000000000000.000000,B
0,0.000000,B
6,4916000000000000000.000000,B
0,0.000000,B
3,266808826144637248.000000,B
10,174034495916443392.000000,B
0,0.000000,B
0,0.000000,B
5,0.000000,B
5,0.000000,B
6,18000000000000000.000000,B
4,0.000000,B
4,0.000000,B
1,199000000000000000.000000,B
15,30000000000000000.000000,B
11,21404631116707572.000000,B
0,0.000000,B
5,180940000000000000.000000,B
3,3800000000000000.000000,B
0,0.000000,B
33,0.000000,B
10,100000000000000000.000000,B
23,146731052253419552.000000,B
0,0.000000,B
19,0.000000,B
0,0.000000,B
0,0.000000,B
0,0.000000,B
24,11910000000000000.000000,B
0,0.000000,B
5,3100000000000000.000000,B
27,100000000000000000.000000,B
6,0.000000,B
0,0.000000,B
0,0.000000,B
0,0.000000,B
3,17013829813090928.000000,B
8,210000000000000000.000000,B
20,100000000000000000.000000,B
5,20000000000000000.000000,B
26,0.000000,B
0,0.000000,B
0,0.000000,B
48,0.000000,B
5,480000000000000000.000000,B
0,0.000000,B
13,200000000000000000.000000,B
3,30000000000000000.000000,B
50,0.000000,B
4,194169592708451680.000000,B
32,0.000000,B
19,1511472933556797696.000000,B
44,0.000000,B
20,133700000000000.000000,B
12,23039055318947180.000000,B
9,1701199614379939840.000000,B
8,0.000000,B
0,0.000000,B
24,1176371188335444.000000,B
0,0.000000,B
41,0.000000,B
0,0.000000,B
0,0.000000,B
3,115884406073067328.000000,B
36,0.000000,B
0,0.000000,B
4,260000000000000000.000000,B
32,0.000000,B
0,0.000000,B
0,0.000000,B
0,0.000000,B
7,0.000000,B
22,1337000000000000.000000,B
0,0.000000,B
0,0.000000,B
23,0.000000,B
0,0.000000,B
6,25000000000000000.000000,B
25,0.000000,B
0,0.000000,B
0,0.000000,B
38,0.000000,B
0,0.000000,B
3,9130558288111310848.000000,B
0,0.000000,B
0,0.000000,B
24,0.000000,B
38,0.000000,B
0,0.000000,B
15,0.000000,B
0,0.000000,B
9,0.000000,B
0,0.000000,B
15,300000000000000000.000000,B
0,0.000000,B
10,1450000000000000000.000000,B
2,150000000000000000.000000,B
48,0.000000,B
4,25000000000000000.000000,B
0,0.000000,B
0,0.000000,B
22,1000000000000000000.000000,B
3,130000000000000000.000000,B
0,0.000000,B
3,549357195381454912.000000,B
0,0.000000,B
2,69229026038557504.000000,B
34,0.000000,B
0,0.000000,B
0,0.000000,B
0,0.000000,B
30,1600000000000000.000000,B
0,0.000000,B
7,130000000000000000.000000,B
11,4868357243610000.000000,B
47,0.000000,B
38,180000000000000000.000000,B
0,0.000000,B
12,0.000000,B
21,108100000000000000.000000,B
11,2497609580000000000.000000,B
18,10788000000000000.000000,B
35,0.000000,B
45,200000000000000000.000000,B
2,26227298534666072.000000,B
16,0.000000,B
4,600771180665989120.000000,B
9,0.000000,B
28,0.000000,B
3,742000000000000000.000000,B
0,0.000000,B
11,2000000000000000.000000,B
0,0.000000,B
1,0.000000,B
12,250000000000000000.000000,B
19,0.000000,B
5,0.000000,B
5,300000000000000000.000000,B
0,0.000000,B
0,0.000000,B
0,0.000000,B
19,133700000000000.000000,B
39,0.000000,B
28,0.000000,B
2,104480000000000000.000000,B
28,0.000000,B
4,0.000000,B
8,5000000000000000.000000,B
2,777000000000000.000000,B
0,0.000000,B
13,0.000000,B
0,0.000000,B
3,17246393748428292.000000,B
0,0.000000,B
11,292335512613869120.000000,B
6,412131284513047744.000000,B
0,0.000000,B
3,169756229211076032.000000,B
5,463295434264768128.000000,B
24,0.000000,B
19,1000457122487479936.000000,B
48,19900000000000000.000000,B
16,0.000000,B
10,267688136010840960.000000,B
4,300000000000000000.000000,B
8,0.000000,B
34,0.000000,B
5,1000000000000000000.000000,B
15,20000000000000000.000000,B
2,61000000000000000.000000,B
0,0.000000,B
42,0.000000,B
20,0.000000,B
0,0.000000,B
15,0.000000,B
9,20000000000000000.000000,B
7,40000000000000000.000000,B
0,0.000000,B
3,753351972163011840.000000,B
17,0.000000,B
18,0.000000,B
0,0.000000,B
17,0.000000,B
39,0.000000,B
1,38000000000000000.000000,B
0,0.000000,B
31,0.000000,B
14,150000000000000000.000000,B
15,0.000000,B
0,0.000000,B
9,309000000000000000.000000,B
4,0.000000,B
0,0.000000,B
38,1500000000000000000.000000,B
4,373997887139900352.000000,B
20,144632476988008320.000000,B
41,100000000000000000.000000,B
2,55000000000000000.000000,B
28,1000000000000000000.000000,B
11,43322000000000000.000000,B
2,5919638372257829.000000,B
7,266000000000000000.000000,B
32,100000000000000000.000000,B
9,20018673436586764.000000,B
9,36100000000000000.000000,B
17,10785000000000000.000000,B
0,0.000000,B
0,0.000000,B
38,10480000000000000.000000,B
0,0.000000,B
4,270000000000000000.000000,B
0,0.000000,B
29,10000000000000000.000000,B
0,0.000000,B
0,0.000000,B
3,31654080000000000.000000,B
7,39541000000009000.000000,B
0,0.000000,B
0,0.000000,B
39,0.000000,B
29,0.000000,B
0,0.000000,B
0,0.000000,B
0,0.000000,B
8,200000000000000000.000000,B
0,0.000000,B
0,0.000000,B
0,0.000000,B
7,1500000000000000000.000000,B
5,577778737812052992.000000,B
24,1000000000000000.000000,B
6,102639547017465824.000000,B
35,0.000000,B
0,0.000000,B
3,310000000000000000.000000,B
0,0.000000,B
56,10000000000000000.000000,B
11,147972033285648480.000000,B
0,0.000000,B
10,0.000000,B
0,0.000000,B
7,0.000000,B
16,160000000000000000.000000,B
5,460231502151775872.000000,B
13,0.000000,B
30,0.000000,B
2,20000000000000000.000000,B
7,0.000000,B
10,1008041608928660.000000,B
3,353751000000000000.000000,B
27,0.000000,B
48,0.000000,B
14,0.000000,B
2,63576100660412848.000000,B
34,0.000000,B
37,0.000000,B
0,0.000000,B
3,255000000000000000.000000,B
3,0.000000,B
8,3000000000000000.000000,B
0,0.000000,B
0,0.000000,B
3,2567541000000000000.000000,B
28,0.000000,B
13,10870000000000000.000000,B
0,0.000000,B
0,0.000000,B
15,10000000000000000.000000,B
8,0.000000,B
0,0.000000,B
0,0.000000,B
5,303000000000000000.000000,B
12,117000000000000000.000000,B
2,92280000000000000.000000,B
0,0.000000,B
7,112278996612057808.000000,B
3,218718000000000000.000000,B
5,10000000000000000.000000,B
0,0.000000,B
28,100000000000000000.000000,B
12,153458540007012512.000000,B
12,1999750000000000000.000000,B
45,0.000000,B
27,0.000000,B
22,0.000000,B
7,810000000000000000.000000,B
15,400000000000000000.000000,B
0,0.000000,B
4,0.000000,B
41,0.000000,B
0,0.000000,B
0,0.000000,B
3,19500000000000000.000000,B
14,0.000000,B
32,0.000000,B
7,119575300000000000.000000,B
10,20000000000000000.000000,B
0,0.000000,B
0,0.000000,B
0,0.000000,B
0,0.000000,B
35,13960000000000020.000000,B
6,1836752220000000000.000000,B
11,2007948000000000000.000000,B
0,0.000000,B
4,110000000000000000.000000,B
0,0.000000,B
0,0.000000,B
0,0.000000,B
0,0.000000,B
29,100000000000000000.000000,B
35,100000000000000000.000000,B
2,4000000000000000.000000,B
8,0.000000,B
3,21430871765382540.000000,B
0,0.000000,B
10,20000000000000000.000000,B
0,0.000000,B
0,0.000000,B
4,60000000000000000.000000,B
0,0.000000,B
3,740439000000000000.000000,B
11,29655052600000000.000000,B
0,0.000000,B
15,23844000000000000.000000,B
9,300000000000000000.000000,B
0,0.000000,B
0,0.000000,B
4,165000000000000000.000000,B
8,36100000000000000.000000,B
0,0.000000,B
0,0.000000,B
5,701048163818349952.000000,B
0,0.000000,B
9,10000000000000000.000000,B
26,0.000000,B
0,0.000000,B
13,3928903179968170496.000000,B
10,345186054962565056.000000,B
45,0.000000,B
4,36391211535889336.000000,B
13,11000000000000000.000000,B
11,190250000000000000.000000,B
9,167762637711321696.000000,B
0,0.000000,B
30,0.000000,B
2,65000000000000000.000000,B
0,0.000000,B
8,0.000000,B
23,0.000000,B
6,0.000000,B
6,1000000000000000.000000,B
22,0.000000,B
24,1680914105458340.000000,B
0,0.000000,B
19,17000000000000000.000000,B
0,0.000000,B
19,0.000000,B
1,0.000000,B
17,0.000000,B
9,286640500000000000.000000,B
55,0.000000,B
58,0.000000,B
0,0.000000,B
21,16709947748259606528.000000,B
3,199996848344286240.000000,B
0,0.000000,B
4,574589448618582208.000000,B
16,0.000000,B
29,1154459108071196928.000000,B
0,0.000000,B
0,0.000000,B
26,109595050058954000.000000,B
26,0.000000,B
3,398000000000000000.000000,B
9,0.000000,B
0,0.000000,B
0,0.000000,B
27,0.000000,B
0,0.000000,B
0,0.000000,B
7,23000000000000000.000000,B
3,20000000000000000.000000,B
0,0.000000,B
2,7970950314409707.000000,B
19,0.000000,B
2,60563075400313008.000000,B
12,21450000000000000.000000,B
3,230000000000000000.000000,B
0,0.000000,B
8,150000000000000000.000000,B
0,0.000000,B
0,0.000000,B
4,20338000000000000.000000,B
38,0.000000,B
11,10000000000000000.000000,B
33,10000000000000000.000000,B
7,250000000000000000.000000,B
17,0.000000,B
12,0.000000,B
0,0.000000,B
3,70000000000000000.000000,B
0,0.000000,B
5,20000000000000000.000000,B
4,0.000000,B
21,25000000000000000.000000,B
52,0.000000,B
16,0.000000,B
32,0.000000,B
0,0.000000,B
0,0.000000,B
6,3300000000000000000.000000,B
3,15000000000000000.000000,B
0,0.000000,B
9,100000000000000000.000000,B
53,0.000000,B
0,0.000000,B
0,0.000000,B
5,445457259303903808.000000,B
4,4000000000000000.000000,B
45,10000.000000,B
3,34000000000000000.000000,B
3,60000000000000000.000000,B
24,0.000000,B
0,0.000000,B
0,0.000000,B
27,100000000000000000.000000,B
4,55138900000000000.000000,B
0,0.000000,B
0,0.000000,B
2,90000000000000000.000000,B
3,75202456095504624.000000,B
0,0.000000,B
9,130000000000000000.000000,B
34,0.000000,B
3,724399902148498304.000000,B
0,0.000000,B
5,262499474701376992.000000,B
5,583304659936319360.000000,B
13,1000000000000000000.000000,B
7,0.000000,B
24,20000000000000000.000000,B
0,0.000000,B
0,0.000000,B
29,0.000000,B
11,294979491859579.000000,B
0,0.000000,B
1,0.000000,B
0,0.000000,B
5,19378690000000000.000000,B
7,0.000000,B
10,297089949426309248.000000,B
1,0.000000,B
6,111499000000000000.000000,B
0,0.000000,B
0,0.000000,B
6,0.000000,B
43,0.000000,B
11,41058000000000000.000000,B
3,0.000000,B
4,0.000000,B
0,0.000000,B
3,36730066000000000.000000,B
42,0.000000,B
13,152000000000000000.000000,B
10,0.000000,B
0,0.000000,B
3,19780762376404104.000000,B
9,1000000000000000000.000000,B
6,170000000000000000.000000,B
0,0.000000,B
3,302000000000000000.000000,B
6,275000000000000000.000000,B
3,50000000000000000.000000,B
7,475161930000000000.000000,B
12,3765908286642379776.000000,B
13,2000000000000000.000000,B
0,0.000000,B
0,0.000000,B
0,0.000000,B
38,11100000000000000.000000,B
12,0.000000,B
4,471000000000000000.000000,B
12,190000000000000000.000000,B
0,0.000000,B
2,34500000000000000.000000,B
0,0.000000,B
0,0.000000,B
49,0.000000,B
12,0.000000,B
4,920323119879543552.000000,B
5,180000000000000000.000000,B
14,1787500000000000000.000000,B
0,0.000000,B
1,0.000000,B
14,0.000000,B
18,133700000000000.000000,B
9,250000000000000000.000000,B
0,0.000000,B
0,0.000000,B
0,0.000000,B
32,10000000000000000.000000,B
0,0.000000,B
0,0.000000,B
0,0.000000,B
3,0.000000,B
4,11313598191058912.000000,B
5,18000000000000000.000000,B
6,114944000000000000.000000,B
5,490000000000000000.000000,B
28,0.000000,B
8,400000000000000000.000000,B
6,0.000000,B
0,0.000000,B
0,0.000000,B
55,100360000000000000.000000,B
0,0.000000,B
15,0.000000,B
11,280000000000000000.000000,B
0,0.000000,B
0,0.000000,B
3,2106890000000000000.000000,B
19,0.000000,B
0,0.000000,B
4,638000000000000000.000000,B
0,0.000000,B
52,8000000000000000.000000,B
6,2100000000000000000.000000,B
22,0.000000,B
25,0.000000,B
21,20831234647389832.000000,B
41,0.000000,B
0,0.000000,B
7,0.000000,B
34,0.000000,B
0,0.000000,B
4,428638461266996480.000000,B
4,360840000000000000.000000,B
10,11501652675817240.000000,B
5,293177877782355712.000000,B
9,25000000000000000.000000,B
6,280000000000000000.000000,B
2,18059115837717464.000000,B
5,0.000000,B
4,61273000000000000.000000,B
0,0.000000,B
0,0.000000,B
6,0.000000,B
7,481216308850914752.000000,B
3,45000000000000000.000000,B
0,0.000000,B
8,250000000000000000.000000,B
0,0.000000,B
0,0.000000,B
13,0.000000,B
0,0.000000,B
4,963977749247343616.000000,B
32,0.000000,B
0,0.000000,B
34,0.000000,B
3,111000000000000000.000000,B
10,0.000000,B
12,14745339371703080.000000,B
5,350000000000000.000000,B
15,0.000000,B
22,1890000000000000.000000,B
4,80000000000000000.000000,B
24,0.000000,B
0,0.000000,B
0,0.000000,B
16,1566000000000000000.000000,B
0,0.000000,B
0,0.000000,B
39,0.000000,B
10,149404931777401984.000000,B
6,330000000000000000.000000,B
0,0.000000,B
0,0.000000,B
5,286094817142245760.000000,B
38,1000000000000000.000000,B
28,18000000000000000000.000000,B
6,148900000000000000.000000,B
5,10000000000000000.000000,B
18,0.000000,B
19,0.000000,G
45,0.000000,G
24,0.000000,G
0,0.000000,G
10,210000000000000000.000000,G
6,42800009214652520.000000,G
31,0.000000,G
15,0.000000,G
22,12000000000000000.000000,G
12,2610000000000000000.000000,G
34,0.000000,G
12,430000000000000000.000000,G
7,0.000000,G
4,0.000000,G
26,0.000000,G
27,0.000000,G
35,0.000000,G
14,10051040000000000.000000,G
25,0.000000,G
43,0.000000,G
18,0.000000,G
59,0.000000,G
2,600000000000000000.000000,G
24,0.000000,G
16,36307402372201024.000000,G
30,0.000000,G
2,14000000000000000.000000,G
8,4000000000000000.000000,G
7,0.000000,G
21,0.000000,G
30,0.000000,G
22,0.000000,G
36,0.000000,G
26,0.000000,G
2,10000000000000000.000000,G
30,0.000000,G
21,103868691281566272.000000,G
25,0.000000,G
42,10000000000000000.000000,G
33,0.000000,G
53,0.000000,G
44,0.000000,G
24,0.000000,G
35,0.000000,G
3,278761000000000000.000000,G
42,0.000000,G
36,120000000000000000.000000,G
9,21100000000000000.000000,G
16,0.000000,G
13,4500000000000000000.000000,G
30,12373973113538368.000000,G
9,100000000000000000.000000,G
30,0.000000,G
41,0.000000,G
33,0.000000,G
45,0.000000,G
26,1000000000000000000.000000,G
5,0.000000,G
13,29509500000000000.000000,G
39,176158683742315072.000000,G
11,0.000000,G
31,0.000000,G
37,0.000000,G
35,110000000000000000.000000,G
44,0.000000,G
13,0.000000,G
30,0.000000,G
32,0.000000,G
33,160000000000000000.000000,G
12,0.000000,G
9,0.000000,G
3,0.000000,G
18,0.000000,G
78,0.000000,G
17,0.000000,G
27,0.000000,G
19,100103194464606128.000000,G
38,0.000000,G
8,10420000000000000.000000,G
51,0.000000,G
38,0.000000,G
10,0.000000,G
32,100000000000000000.000000,G
25,0.000000,G
26,0.000000,G
16,153000000000000000.000000,G
2,31000000000000000.000000,G
4,564902494662599936.000000,G
11,10253469000000000000.000000,G
0,0.000000,G
38,0.000000,G
6,0.000000,G
27,1140000000000000000.000000,G
3,20000000000000000.000000,G
15,0.000000,G
19,0.000000,G
4,136220000000000000.000000,G
38,0.000000,G
5,30723900000000000.000000,G
23,0.000000,G
31,0.000000,G
33,20000000000000000.000000,G
5,451000000000000000.000000,G
22,1033369946545602.000000,G
29,0.000000,G
8,27000000000000000.000000,G
13,0.000000,G
8,30000000000000000.000000,G
28,0.000000,G
16,0.000000,G
33,0.000000,G
12,0.000000,G
11,27900000000000000.000000,G
32,0.000000,G
64,0.000000,G
21,0.000000,G
40,0.000000,G
46,0.000000,G
15,0.000000,G
6,129000000000000000.000000,G
6,0.000000,G
3,19808615006359732.000000,G
9,0.000000,G
20,120000000000000000.000000,G
12,0.000000,G
23,0.000000,G
29,1000000000000000000.000000,G
8,0.000000,G
15,0.000000,G
14,0.000000,G
22,0.000000,G
28,100000000000000000.000000,G
54,0.000000,G
29,0.000000,G
30,0.000000,G
13,298674780056247040.000000,G
13,0.000000,G
16,0.000000,G
24,0.000000,G
37,0.000000,G
30,0.000000,G
12,180000000000000000.000000,G
17,1220000000000000000.000000,G
27,0.000000,G
15,0.000000,G
19,0.000000,G
3,0.000000,G
27,0.000000,G
18,0.000000,G
19,12739770498373396.000000,G
7,10000000000000000.000000,G
18,140000000000000000.000000,G
16,0.000000,G
44,0.000000,G
45,0.000000,G
9,0.000000,G
38,0.000000,G
3,38485740000000000.000000,G
3,18909253238488000.000000,G
11,210000000000000000.000000,G
45,0.000000,G
36,0.000000,G
36,0.000000,G
27,0.000000,G
24,0.000000,G
16,0.000000,G
13,0.000000,G
50,0.000000,G
13,10000000000000000.000000,G
29,0.000000,G
38,0.000000,G
16,16235969198909496.000000,G
14,0.000000,G
30,100000000000000000.000000,G
41,0.000000,G
34,0.000000,G
9,0.000000,G
27,165912870000000000.000000,G
46,0.000000,G
15,200000000000000000.000000,G
10,0.000000,G
3,28109431517321512.000000,G
42,0.000000,G
21,14500000000000000.000000,G
6,24600000000000000.000000,G
7,15000000000000000.000000,G
10,0.000000,G
28,0.000000,G
17,28800000000000000.000000,G
20,0.000000,G
27,0.000000,G
45,0.000000,G
22,0.000000,G
40,0.000000,G
65,0.000000,G
56,165408580000000000.000000,G
13,0.000000,G
2,187551930000000000.000000,G
15,0.000000,G
16,10000.000000,G
56,1310000000000000.000000,G
11,10500000000000000.000000,G
12,0.000000,G
31,0.000000,G
2,0.000000,G
3,0.000000,G
3,86217930208247520.000000,G
48,0.000000,G
4,0.000000,G
17,0.000000,G
0,0.000000,G
15,0.000000,G
23,0.000000,G
16,164351858799815008.000000,G
4,0.000000,G
7,1000000000000000.000000,G
59,0.000000,G
39,0.000000,G
25,0.000000,G
11,0.000000,G
28,0.000000,G
18,0.000000,G
59,0.000000,G
3,35053595089745940.000000,G
24,1714656329610469.000000,G
53,0.000000,G
12,0.000000,G
17,1280000000000000.000000,G
24,0.000000,G
4,55939000000000000.000000,G
35,39037412798365608.000000,G
13,0.000000,G
16,0.000000,G
10,0.000000,G
51,0.000000,G
3,11000000000000000.000000,G
53,0.000000,G
44,0.000000,G
30,1705697014718052.000000,G
37,0.000000,G
39,10000000000000000.000000,G
46,0.000000,G
37,0.000000,G
38,0.000000,G
33,157652189826506368.000000,G
18,0.000000,G
4,3044074728029588480.000000,G
26,0.000000,G
18,0.000000,G
24,27607378900232456.000000,G
32,0.000000,G
30,0.000000,G
22,0.000000,G
41,0.000000,G
43,0.000000,G
62,0.000000,G
5,0.000000,G
15,0.000000,G
32,0.000000,G
30,0.000000,G
13,0.000000,G
23,0.000000,G
23,0.000000,G
11,0.000000,G
57,0.000000,G
18,0.000000,G
42,0.000000,G
15,0.000000,G
15,29943000000000000.000000,G
38,100000000000000000.000000,G
2,0.000000,G
51,0.000000,G
22,0.000000,G
38,0.000000,G
33,0.000000,G
58,0.000000,G
7,0.000000,G
28,0.000000,G
38,0.000000,G
36,0.000000,G
24,10000000000000000.000000,G
13,0.000000,G
7,309004440000000000.000000,G
2,1719012101597928704.000000,G
14,0.000000,G
6,0.000000,G
34,113236681306296000.000000,G
22,0.000000,G
21,0.000000,G
9,0.000000,G
12,210000000000000000.000000,G
10,144250158010291040.000000,G
14,0.000000,G
49,0.000000,G
7,3024620410138528.000000,G
22,0.000000,G
5,290000000000000000.000000,G
18,20000000000000000.000000,G
40,0.000000,G
14,10000.000000,G
8,24000000000000000.000000,G
35,0.000000,G
4,0.000000,G
21,0.000000,G
23,0.000000,G
20,0.000000,G
14,1010000000000000000.000000,G
40,0.000000,G
2,80000000000000000.000000,G
40,0.000000,G
26,0.000000,G
11,0.000000,G
3,150113144823217216.000000,G
38,0.000000,G
28,1290000000000000000.000000,G
57,0.000000,G
25,0.000000,G
28,0.000000,G
19,0.000000,G
26,0.000000,G
23,0.000000,G
18,0.000000,G
23,0.000000,G
55,0.000000,G
14,109500000000000000.000000,G
8,10000000000000000.000000,G
20,119737362524512992.000000,G
41,100000000000000000.000000,G
32,0.000000,G
11,0.000000,G
4,250000000000000000.000000,G
46,0.000000,G
10,0.000000,G
7,36620046554072720.000000,G
12,36894844315160320.000000,G
11,0.000000,G
24,0.000000,G
17,100000000000000000.000000,G
34,0.000000,G
22,0.000000,G
29,0.000000,G
29,101010100000000000.000000,G
18,10000000000000000.000000,G
10,1000000000000000000.000000,G
0,0.000000,G
50,0.000000,G
50,0.000000,G
58,0.000000,G
11,0.000000,G
36,0.000000,G
24,0.000000,G
9,0.000000,G
9,0.000000,G
23,0.000000,G
21,0.000000,G
11,0.000000,G
5,21566092155910536.000000,G
13,109284985817295008.000000,G
8,120000000000000000.000000,G
6,1102832790000000000.000000,G
17,0.000000,G
23,0.000000,G
43,0.000000,G
16,1000000000000000000.000000,G
29,0.000000,G
12,0.000000,G
16,0.000000,G
7,0.000000,G
15,0.000000,G
33,0.000000,G
41,0.000000,G
16,0.000000,G
72,0.000000,G
20,1000000000000000.000000,G
5,5734781948763706.000000,G
44,150000000000000000.000000,G
18,0.000000,G
16,150000000000000.000000,G
6,500000000000000000.000000,G
26,0.000000,G
12,1200000000000000000.000000,G
43,0.000000,G
27,0.000000,G
18,0.000000,G
57,0.000000,G
5,20000000000000000.000000,G
17,0.000000,G
11,0.000000,G
27,10000000000000000.000000,G
47,0.000000,G
12,10310000000000000.000000,G
28,0.000000,G
15,0.000000,G
62,0.000000,G
23,0.000000,G
23,0.000000,G
25,0.000000,G
51,0.000000,G
3,0.000000,G
23,10000000000000000.000000,G
23,130000000000000000.000000,G
11,0.000000,G
42,0.000000,G
17,0.000000,G
42,0.000000,G
23,0.000000,G
42,0.000000,G
12,10831214764530228.000000,G
33,0.000000,G
29,0.000000,G
22,0.000000,G
24,0.000000,G
30,16900000000000000.000000,G
13,12000000000000000.000000,G
24,0.000000,G
25,0.000000,G
8,0.000000,G
28,0.000000,G
2,9480000000000000000.000000,G
9,16000000000000000.000000,G
30,0.000000,G
42,0.000000,G
7,17925660000000000000.000000,G
25,0.000000,G
1,53900000000000000.000000,G
1,0.000000,G
29,10000000000000000.000000,G
15,0.000000,G
11,0.000000,G
13,0.000000,G
26,0.000000,G
7,0.000000,G
10,0.000000,G
28,100000000000000000.000000,G
0,0.000000,G
13,0.000000,G
42,10000000000000000000.000000,G
44,0.000000,G
9,0.000000,G
44,0.000000,G
13,0.000000,G
3,127700000000000000.000000,G
63,0.000000,G
3,0.000000,G
12,0.000000,G
4,1849063557000000000.000000,G
28,0.000000,G
3,0.000000,G
26,0.000000,G
4,0.000000,G
8,0.000000,G
50,0.000000,G
12,30280000000000000.000000,G
32,0.000000,G
21,0.000000,G
27,0.000000,G
40,0.000000,G
48,0.000000,G
29,0.000000,G
7,0.000000,G
12,0.000000,G
16,0.000000,G
15,0.000000,G
40,0.000000,G
21,0.000000,G
5,0.000000,G
24,0.000000,G
19,10000000000000000.000000,G
40,0.000000,G
24,0.000000,G
47,0.000000,G
44,0.000000,G
7,250000000000000000.000000,G
7,10000000000000000.000000,G
2,0.000000,G
42,0.000000,G
37,0.000000,G
16,0.000000,G
40,0.000000,G
4,0.000000,G
30,0.000000,G
60,0.000000,G
31,0.000000,G
22,0.000000,G
13,12565828681243600.000000,G
25,0.000000,G
2,490000000000000000.000000,G
9,0.000000,G
10,0.000000,G
11,0.000000,G
54,0.000000,G
11,0.000000,G
4,200000000000000000.000000,G
46,0.000000,G
48,0.000000,G
22,0.000000,G
4,106300000000000000.000000,G
26,193621468037000.000000,G
17,0.000000,G
19,100000000000000000.000000,G
21,0.000000,G
1,0.000000,G
13,190000000000000000.000000,G
56,0.000000,G
3,18724653680866352.000000,G
12,0.000000,G
0,0.000000,G
61,0.000000,G
30,0.000000,G
10,0.000000,G
4,51000000000000000.000000,G
67,0.000000,G
51,0.000000,G
37,0.000000,G
25,0.000000,G
6,0.000000,G
3,49217910728523000.000000,G
21,0.000000,G
18,0.000000,G
21,0.000000,G
6,0.000000,G
9,0.000000,G
12,10000000000000000.000000,G
8,0.000000,G
8,0.000000,G
18,0.000000,G
19,0.000000,G
34,0.000000,G
32,0.000000,G
8,13000000000000000.000000,G
63,0.000000,G
11,0.000000,G
40,0.000000,G
14,0.000000,G
27,270000000000000000.000000,G
50,0.000000,G
23,0.000000,G
18,0.000000,G
4,22435136329596832.000000,G
32,0.000000,G
29,16500000000000000.000000,G
37,0.000000,G
21,0.000000,G
14,1205192000000000000.000000,G
8,31833616298811544.000000,G
44,0.000000,G
29,0.000000,G
14,0.000000,G
54,0.000000,G
11,0.000000,G
19,0.000000,G
2,5100000000000000.000000,G
21,0.000000,G
24,120000000000000000.000000,G
26,1000000000000000000.000000,G
16,0.000000,G
36,0.000000,G
36,0.000000,G
15,0.000000,G
13,12000000000000000.000000,G
42,0.000000,G
4,0.000000,G
24,16274320000000000.000000,G
22,0.000000,G
20,19611300326734000.000000,G
24,0.000000,G
10,100000000000000000.000000,G
48,0.000000,G
20,0.000000,G
5,168725505220589280.000000,G
38,0.000000,G
17,20000000000000000.000000,G
13,280000000000000000.000000,G
36,0.000000,G
12,70000000000000000.000000,G
16,0.000000,G
1,0.000000,G
56,0.000000,G
35,0.000000,G
4,0.000000,G
2,0.000000,G
24,0.000000,G
33,0.000000,G
19,0.000000,G
46,0.000000,G
30,0.000000,G
12,0.000000,G
28,10000000000000000.000000,G
37,0.000000,G
14,0.000000,G
26,0.000000,G
28,197300000000000000.000000,G
22,2498800000000000000.000000,G
19,0.000000,G
21,10771890000000000.000000,G
3,0.000000,G
26,0.000000,G
6,312996010000000000.000000,G
2,6495699846701484.000000,G
30,0.000000,G
15,0.000000,G
8,0.000000,G
18,0.000000,G
22,1260764034781971712.000000,G
9,232424872667235712.000000,G
8,1.000000,G
16,0.000000,G
20,0.000000,G
38,0.000000,G
24,0.000000,G
13,0.000000,G
56,1000000000000000.000000,G
12,0.000000,G
10,0.000000,G
24,0.000000,G
33,0.000000,G
3,2000000000000000000.000000,G
29,0.000000,G
3,1921445832011753.000000,G
3,0.000000,G
6,0.000000,G
26,20116182830015000.000000,G
40,0.000000,G
26,0.000000,G
23,0.000000,G
2,0.000000,G
17,13358300000000000.000000,G
51,0.000000,G
37,0.000000,G
0,0.000000,G
36,0.000000,G
30,100000000000000000.000000,G
13,23914020000000000.000000,G
5,0.000000,G
47,0.000000,G
44,0.000000,G
29,2000000000000000000.000000,G
30,0.000000,G
11,0.000000,G
16,0.000000,G
39,0.000000,G
37,100000000000000.000000,G
19,0.000000,G
12,19000000000000000.000000,G
13,0.000000,G
2,397879000000000000.000000,G
4,103613362223543248.000000,G
8,1000000000000000000.000000,G
17,36300000000000000.000000,G
33,0.000000,G
19,10943000000000000.000000,G
19,0.000000,G
31,0.000000,G
13,0.000000,G
18,0.000000,G
13,0.000000,G
39,0.000000,G
5,0.000000,G
0,0.000000,G
70,0.000000,G
10,0.000000,G
13,10095996500000000000.000000,G
8,110000000000000000.000000,G
13,0.000000,G
34,0.000000,G
3,0.000000,G
3,0.000000,G
20,0.000000,G
35,0.000000,G
18,0.000000,G
7,0.000000,G
6,0.000000,G
3,0.000000,G
7,0.000000,G
8,0.000000,G
9,1000000000000000000.000000,G
25,14000000000000000.000000,G
54,0.000000,G
32,0.000000,G
18,178700000000000000.000000,G
44,0.000000,G
9,0.000000,G
13,1000000000000000000.000000,G
29,0.000000,G
8,100000000000000000.000000,G
12,0.000000,G
7,1000000000000000.000000,G
19,0.000000,G
5,1022959400000000000.000000,G
13,202784877123820992.000000,G
40,0.000000,G
5,339000000000000000.000000,G
40,0.000000,G
3,0.000000,G
18,0.000000,G
30,0.000000,G
18,0.000000,G
28,0.000000,G
4,0.000000,G
26,100000000000000000.000000,G
0,0.000000,G
18,200761923262504736.000000,G
27,0.000000,G
34,0.000000,G
38,2000000000000000.000000,G
18,0.000000,G
13,300000000000000000.000000,G
15,0.000000,G
26,0.000000,G
17,0.000000,G
28,0.000000,G
34,0.000000,G
9,0.000000,G
55,0.000000,G
43,0.000000,G
7,287861978500771232.000000,G
29,0.000000,G
27,0.000000,G
2,0.000000,G
29,150000000000000000.000000,G
25,0.000000,G
30,20000000000000000.000000,G
39,1020609600000000000.000000,G
39,0.000000,G
20,0.000000,G
0,0.000000,G
15,0.000000,G
3,20000000000000000.000000,G
66,0.000000,G
7,21000000000000000.000000,G
13,0.000000,G
7,394009000000009024.000000,G
5,24303426445525852.000000,G
4,0.000000,G
11,40000000000000.000000,G
22,0.000000,G
51,0.000000,G
15,0.000000,G
20,0.000000,G
43,1000000000000000000.000000,G
43,0.000000,G
9,0.000000,G
7,0.000000,G
10,0.000000,G
12,0.000000,G
37,0.000000,G
13,25000000000000000.000000,G
19,0.000000,G
9,0.000000,G
17,0.000000,G
18,0.000000,G
12,0.000000,G
18,100000000000000000.000000,G
36,0.000000,G
13,0.000000,G
36,0.000000,G
23,0.000000,G
22,0.000000,G
45,2000000000000000000.000000,G
26,0.000000,G
14,20200000000009008.000000,G
10,0.000000,G
22,0.000000,G
7,3000000000000000000.000000,G
22,0.000000,G
4,0.000000,G
19,0.000000,G
25,0.000000,G
25,0.000000,G
37,140000000000000000.000000,G
54,0.000000,G
5,0.000000,G
7,0.000000,G
14,0.000000,G
26,0.000000,G
25,0.000000,G
14,1000000000000000000.000000,G
24,0.000000,G
10,13000000000000000.000000,G
19,0.000000,G
31,170000000000000000.000000,G
18,200000000000000000.000000,G
13,1100000000000000000.000000,G
17,0.000000,G
35,0.000000,G
29,0.000000,G
36,0.000000,G
24,0.000000,G
14,0.000000,G
36,0.000000,G
1,515000000000000000.000000,G
17,0.000000,G
6,84792143622474544.000000,G
24,0.000000,G
36,0.000000,G
8,200000000000000000.000000,G
15,12738483415811718.000000,G
4,710000000000000000.000000,G
7,0.000000,G
32,0.000000,G
13,111000000000000000.000000,G
3,0.000000,G
26,0.000000,G
6,1100000000000000000.000000,G
5,0.000000,G
3,3124070310829531648.000000,G
3,2784530953638704.000000,G
27,178000000000000000.000000,G
32,0.000000,G
31,0.000000,G
27,0.000000,G
2,9500000000000000.000000,G
19,0.000000,G
17,0.000000,G
3,0.000000,G
32,0.000000,G
12,0.000000,G
14,28597619819962532.000000,G
12,20000000000000000.000000,G
2,1100000000000000000.000000,G
19,0.000000,G
37,0.000000,G
13,0.000000,G
57,0.000000,G
0,0.000000,G
28,0.000000,G
14,250000000000000000.000000,G
10,316285816470022528.000000,G
34,0.000000,G
7,0.000000,G
20,0.000000,G
49,0.000000,G
13,0.000000,G
11,200000000000000000.000000,G
43,0.000000,G
32,0.000000,G
17,0.000000,G
41,0.000000,G
25,0.000000,G
16,0.000000,G
7,20000000000000000.000000,G
24,10000000000000000000.000000,G
30,0.000000,G
5,250000000000000000.000000,G
37,0.000000,G
22,100000000000000000.000000,G
7,199000000000000000.000000,G
16,0.000000,G
53,0.000000,G
17,111000000000000000.000000,G
41,0.000000,G
21,18894906490933516.000000,G
34,0.000000,G
34,0.000000,G
19,0.000000,G
36,0.000000,G
56,0.000000,G
32,0.000000,G
32,0.000000,G
7,0.000000,G
3,100000000000000000.000000,G
19,0.000000,G
20,0.000000,G
10,0.000000,G
0,0.000000,G
27,0.000000,G
28,0.000000,G
10,170000000000000000.000000,G
17,0.000000,G
31,0.000000,G
5,0.000000,G
10,0.000000,G
18,0.000000,G
37,0.000000,G
8,167500000000000000.000000,G
3,14379078762525146.000000,G
24,0.000000,G
3,0.000000,G
62,0.000000,G
4,10000.000000,G
11,200000000000000000.000000,G
20,0.000000,G
1,0.000000,G
26,100000000000000000.000000,G
17,10000.000000,G
36,0.000000,G
2,0.000000,G
32,10000000000000000.000000,G
21,198280000000000000.000000,G
18,0.000000,G
23,0.000000,G
17,100000000000000000.000000,G
6,0.000000,G
42,0.000000,G
27,150000000000000000.000000,G
15,1000000000000000000.000000,G
39,0.000000,G
20,0.000000,G
42,10000000000000000.000000,G
24,0.000000,G
29,0.000000,G
22,0.000000,G
19,0.000000,G
26,0.000000,G
34,0.000000,G
34,0.000000,G
25,100000000000000000.000000,G
20,0.000000,G
31,0.000000,G
29,10193850000000000.000000,G
23,0.000000,G
35,0.000000,G
44,0.000000,G
18,0.000000,G
13,0.000000,G
31,0.000000,G
12,299000000000000000.000000,G
20,0.000000,G
8,165066310000000000.000000,G
20,0.000000,G
42,0.000000,G
18,0.000000,G
1,0.000000,G
22,0.000000,G
6,10000000000000000.000000,G
7,0.000000,G
6,1012102991353799936.000000,G
4,943968305246299136.000000,G
23,0.000000,G
21,0.000000,G
15,0.000000,G
36,10000000000000000.000000,G
22,0.000000,G
14,0.000000,G
1,0.000000,G
2,0.000000,G
19,10000.000000,G
40,100000000000000000.000000,G
32,0.000000,G
29,13885000000000000.000000,G
6,0.000000,G
35,0.000000,G
32,0.000000,G
28,0.000000,G
29,0.000000,G
17,0.000000,G
18,0.000000,G
12,12232000000000000.000000,G
22,0.000000,G
13,0.000000,G
32,100000000000000.000000,G
11,35000000000000000.000000,G
34,0.000000,G
27,0.000000,G
42,0.000000,G
28,0.000000,G
5,260000000000000000.000000,G
15,0.000000,G
32,0.000000,G
53,0.000000,G
31,100500000000009008.000000,G
23,0.000000,G
8,1000000000000000000.000000,G
15,0.000000,G
55,0.000000,G
42,0.000000,G
35,0.000000,G
20,200000000000000000.000000,G
4,0.000000,G
37,0.000000,G
20,0.000000,G
11,0.000000,G
28,236232000000000000.000000,G
32,0.000000,G
11,150000000000000000.000000,G
39,0.000000,G
8,0.000000,G
37,1000000000000000.000000,G
58,0.000000,G
26,0.000000,G
33,0.000000,G
25,0.000000,G
40,0.000000,G
1,150000000000000000.000000,G
38,0.000000,G
16,0.000000,G
21,0.000000,G
22,0.000000,G
43,0.000000,G
15,0.000000,G
58,0.000000,G
0,0.000000,G
52,0.000000,G
20,19370221404365000.000000,G
7,32500000000000000.000000,G
23,0.000000,G
5,199783650000000000.000000,G
12,0.000000,G
52,1000000000000000.000000,G
49,0.000000,G
11,0.000000,G
25,12000000000000000.000000,G
23,0.000000,G
23,127941529695873632.000000,G
51,0.000000,G
33,0.000000,G
21,0.000000,G
45,0.000000,G
42,0.000000,G
15,24816141586306160.000000,G
5,0.000000,G
12,0.000000,G
9,20000000000000000.000000,G
22,0.000000,G
26,0.000000,G
23,0.000000,G
31,0.000000,G
13,0.000000,G
30,100000000000000000.000000,G
0,0.000000,G
30,0.000000,G
42,1435942846242361856.000000,G
6,4871157322937795.000000,G
35,0.000000,G
3,30000000000000000.000000,G
14,0.000000,G
23,0.000000,G
36,0.000000,G
5,100000000000000000000.000000,G
44,0.000000,G
33,0.000000,G
16,0.000000,G
17,170000000000000000.000000,G
36,0.000000,G
19,0.000000,G
43,0.000000,G
22,1000000000000000000.000000,G
35,0.000000,G
26,0.000000,G
21,1022680675000000000.000000,G
16,0.000000,G
23,100000000000000000.000000,G
11,0.000000,G
4,0.000000,G
36,0.000000,G
33,130000000000000000.000000,G
26,0.000000,G
3,32594821076441000.000000,G
44,0.000000,G
23,0.000000,G
42,0.000000,G
30,0.000000,G
27,0.000000,G
4,100000000000000000.000000,G
17,134700000000000.000000,G
16,0.000000,G
22,0.000000,G
42,0.000000,G
22,0.000000,G
23,0.000000,G
6,239000000000000000.000000,G
13,100000000000000000.000000,G
6,299400000000000000.000000,G
36,0.000000,G
29,0.000000,G
4,0.000000,G
44,0.000000,G
7,186000000000000000.000000,G
6,24000000000000000000.000000,G
27,0.000000,G
60,0.000000,G
15,0.000000,G
28,0.000000,G
9,10500000000000000000.000000,G
25,0.000000,G
16,0.000000,G
30,0.000000,G
34,12500000000000000.000000,G
1,900000000000000000.000000,G
79,0.000000,G
44,0.000000,G
9,160500000000009024.000000,G
15,0.000000,G
13,0.000000,G
26,0.000000,G
20,0.000000,G
39,0.000000,G
7,110000000000000000.000000,G
49,0.000000,G
8,0.000000,G
53,0.000000,G
27,0.000000,G
9,3000000000000000.000000,G
5,11188461630513000.000000,G
27,0.000000,G
45,0.000000,G
35,0.000000,G
7,0.000000,G
30,0.000000,G
33,0.000000,G
5,10000000000000000.000000,G
32,0.000000,G
37,0.000000,G
41,0.000000,G
15,0.000000,G
23,0.000000,G
24,0.000000,G
14,0.000000,G
13,0.000000,G
25,16600000000000000.000000,G
33,0.000000,G
40,10000.000000,G
57,0.000000,G
30,0.000000,G
5,0.000000,G
42,0.000000,G
43,0.000000,G
5,0.000000,G
26,25000000000000000.000000,G
29,0.000000,G
2,233573560000000000.000000,G
34,0.000000,G
26,0.000000,G
13,150000000000000000.000000,G
26,0.000000,G
15,150000000000000000.000000,G
4,395108638838754880.000000,G
14,1098628254358328064.000000,G
25,25548562955206932.000000,G
32,144306217794159200.000000,G
44,0.000000,G
18,0.000000,G
6,0.000000,G
23,0.000000,G
55,0.000000,G
6,0.000000,G
5,17000000000000000.000000,G
20,10000.000000,G
11,0.000000,G
19,0.000000,G
28,0.000000,G
39,0.000000,G
35,100000000000000000.000000,G
15,150000000000000000.000000,G
38,1500000000000000.000000,G
42,0.000000,G
37,0.000000,G
6,15714532953803000.000000,G
21,0.000000,G
34,0.000000,G
11,100000000000000000.000000,G
28,10000000000000000.000000,G
6,0.000000,G
36,10660000000000000.000000,G
10,0.000000,G
33,135000000000000000.000000,G
17,0.000000,G
15,0.000000,G
17,150000000000000000.000000,G
21,0.000000,G
21,0.000000,G
14,0.000000,G
12,0.000000,G
6,270000000000000000.000000,G
22,190383250000000000.000000,G
44,0.000000,G
8,0.000000,G
28,0.000000,G
31,15227965215485888.000000,G
33,0.000000,G
46,0.000000,G
20,0.000000,G
28,0.000000,G
41,0.000000,G
12,0.000000,G
10,0.000000,G
18,10000000000000000.000000,G
9,134000000000000000.000000,G
3,120000000000000000.000000,G
17,0.000000,G
4,15000000000000000.000000,G
31,0.000000,G
24,12000000000000000.000000,G
44,0.000000,G
36,0.000000,G
38,0.000000,G
29,0.000000,G
31,0.000000,G
14,0.000000,G
43,0.000000,G
19,0.000000,G
5,2000000000000000.000000,G
20,0.000000,G
44,0.000000,G
31,0.000000,G
47,0.000000,G
18,0.000000,G
45,0.000000,G
33,0.000000,G
18,0.000000,G
27,0.000000,G
29,0.000000,G
27,0.000000,G
34,0.000000,G
5,350000000000000000.000000,G
27,0.000000,G
31,0.000000,G
2,15000000000000000.000000,G
39,0.000000,G
36,0.000000,G
15,0.000000,G
4,1000000000000000000.000000,G
15,0.000000,G
5,0.000000,G
14,0.000000,G
30,0.000000,G
17,550000000000000000.000000,G
11,300000000000000000.000000,G
40,0.000000,G
25,0.000000,G
41,0.000000,G
50,0.000000,G
2,7870000000000000000.000000,G
18,0.000000,G
4,1950000000000000000.000000,G
13,1900000000000000000.000000,G
39,0.000000,G
21,21434141353416128.000000,G
52,0.000000,G
3,20000000000000000.000000,G
19,2000000000000000000.000000,G
61,0.000000,G
7,250000000000000000.000000,G
8,0.000000,G
22,0.000000,G
33,0.000000,G
12,1000000000000000.000000,G
19,100000000000000000.000000,G
11,0.000000,G
23,0.000000,G
13,0.000000,G
13,0.000000,G
9,0.000000,G
36,17700000000000000.000000,G
4,5732000000000000.000000,G
10,10300000000000000.000000,G
53,0.000000,G
35,0.000000,G
16,0.000000,G
22,0.000000,G
3,0.000000,G
41,0.000000,G
2,0.000000,G
12,0.000000,G
15,0.000000,G
22,16644201062625504.000000,G
38,0.000000,G
20,0.000000,G
8,25000000000000000.000000,G
1,1200000000000000.000000,G
30,0.000000,G
11,0.000000,G
30,0.000000,G
22,0.000000,G
20,0.000000,G
56,0.000000,G
35,0.000000,G
3,14209784321957824.000000,G
5,1300000000000000000.000000,G
14,100000000000000000.000000,G
8,0.000000,G
16,0.000000,G
37,140000000000000000.000000,G
26,0.000000,G
37,0.000000,G
12,12000000000000000.000000,G
4,0.000000,G
18,0.000000,G
23,0.000000,G
6,0.000000,G
12,22419083123554768.000000,G
55,0.000000,G
30,0.000000,G
23,0.000000,G
57,0.000000,G
19,0.000000,G
16,1198800000000000000.000000,G
30,0.000000,G
21,265191500000000000.000000,G
42,0.000000,G
12,0.000000,G
32,0.000000,G
75,0.000000,G
42,0.000000,G
26,0.000000,G
7,0.000000,G
22,0.000000,G
32,0.000000,G
43,0.000000,G
2,0.000000,G
10,110000000000000000.000000,G
15,0.000000,G
53,0.000000,G
18,0.000000,G
24,0.000000,G
34,0.000000,G
13,0.000000,G
22,0.000000,G
36,0.000000,G
30,0.000000,G
1,0.000000,G
20,0.000000,G
8,0.000000,G
4,0.000000,G
25,0.000000,G
39,0.000000,G
32,0.000000,G
15,39152230000000000.000000,G
38,0.000000,G
44,0.000000,G
34,0.000000,G
1,5398620000000000.000000,G
37,0.000000,G
21,0.000000,G
7,0.000000,G
25,0.000000,G
7,26433048862664577024.000000,G
9,0.000000,G
12,0.000000,G
25,157845537714962464.000000,G
14,0.000000,G
9,0.000000,G
31,0.000000,G
30,0.000000,G
20,0.000000,G
49,100000000000000000.000000,G
50,0.000000,G
23,0.000000,G
2,2993998830000000000.000000,G
2,0.000000,G
45,0.000000,G
3,86720000000000000.000000,G
40,12977484877384722432.000000,G
7,0.000000,G
39,0.000000,G
33,0.000000,G
4,405329789225856640.000000,G
12,100318000000000000.000000,G
42,0.000000,G
10,0.000000,G
22,0.000000,G
3,100000000000000000.000000,G
31,0.000000,G
10,0.000000,G
46,100000000000000000.000000,G
6,349201564679564.000000,G
10,0.000000,G
45,0.000000,G
14,0.000000,G
19,10000000000000000.000000,G
35,0.000000,G
6,0.000000,G
12,0.000000,G
32,0.000000,G
45,1000000000000000.000000,G
10,1500000000000000.000000,G
20,10000000000000000.000000,G
33,0.000000,G
32,10000000000000000.000000,G
16,0.000000,G
27,10000000000000000.000000,G
18,0.000000,G
25,0.000000,G
7,0.000000,G
23,1412399333172987.000000,G
13,1000000000000000.000000,G
31,0.000000,G
46,0.000000,G
41,0.000000,G
23,0.000000,G
12,0.000000,G
48,0.000000,G
2,91000000000000000.000000,G
11,0.000000,G
21,0.000000,G
34,0.000000,G
42,0.000000,G
29,0.000000,G
2,305000000000000000.000000,G
34,0.000000,G
21,0.000000,G
5,0.000000,G
23,0.000000,G
19,0.000000,G
49,0.000000,G
8,251200000000000000.000000,G
17,194496000000000000.000000,G
6,0.000000,G
29,0.000000,G
20,0.000000,G
28,0.000000,G
2,14021000000000000.000000,G
41,0.000000,G
31,0.000000,G
34,0.000000,G
11,0.000000,G
15,0.000000,G
11,350000000000000000.000000,G
14,0.000000,G
21,0.000000,G
41,0.000000,G
13,0.000000,G
22,0.000000,G
7,0.000000,G
48,0.000000,G
10,0.000000,G
43,119664000000000000.000000,G
44,0.000000,G
5,10000000000000000.000000,G
29,0.000000,G
19,0.000000,G
30,0.000000,G
2,1790283303406417.000000,G
33,150000000000000000.000000,G
32,0.000000,G
7,0.000000,G
29,130000000000000000.000000,G
17,0.000000,G
20,0.000000,G
12,0.000000,G
3,43133471021404000.000000,G
61,0.000000,G
6,30000000000000000.000000,G
3,0.000000,G
24,1462700000000000000.000000,G
24,0.000000,G
4,444410220842039616.000000,G
22,0.000000,G
20,24000000000000000.000000,G
49,0.000000,G
13,0.000000,G
18,0.000000,G
53,0.000000,G
31,0.000000,G
5,32200000000000000.000000,G
17,0.000000,G
10,29019500000000000.000000,G
33,1000000000000000000.000000,G
6,0.000000,G
32,0.000000,G
24,0.000000,G
23,176000000000000000.000000,G
8,0.000000,G
35,0.000000,G
1,0.000000,G
16,0.000000,G
40,0.000000,G
29,0.000000,G
31,0.000000,G
6,0.000000,G
42,0.000000,G
12,0.000000,G
19,0.000000,G
20,100000000000000000.000000,G
18,0.000000,G
6,14327838050553038.000000,G
14,256289734244416000.000000,G
6,1354113394766354688.000000,G
27,0.000000,G
33,0.000000,G
21,115521586571534320.000000,G
58,0.000000,G
44,0.000000,G
14,0.000000,G
56,0.000000,G
29,0.000000,G
15,0.000000,G
7,0.000000,G
5,200000000000000000.000000,G
16,0.000000,G
31,0.000000,G
14,0.000000,G
13,0.000000,G
5,2372995638105002.000000,G
36,0.000000,G
6,0.000000,G
42,45000000000000000.000000,G
5,0.000000,G
16,0.000000,G
40,0.000000,G
29,0.000000,G
8,16045529932494208.000000,G
23,0.000000,G
20,0.000000,G
5,2500000000000000000.000000,G
16,0.000000,G
42,0.000000,G
39,100000000000000.000000,G
11,238644000000000000.000000,G
46,0.000000,G
10,0.000000,G
16,0.000000,G
31,100000000000000000.000000,G
8,0.000000,G
32,0.000000,G
55,0.000000,G
2,0.000000,G
29,0.000000,G
13,106093100000000000.000000,G
22,0.000000,G
45,0.000000,G
16,0.000000,G
30,0.000000,G
38,0.000000,G
35,0.000000,G
31,0.000000,G
8,2000000000000000.000000,G
2,777000000000000.000000,G
27,0.000000,G
20,1050000000000000000.000000,G
51,0.000000,G
32,0.000000,G
11,0.000000,G
33,100000000000000000.000000,G
3,50000000000000000.000000,G
29,0.000000,G
3,19436921250354348.000000,G
3,450000000000000000.000000,G
27,0.000000,G
19,0.000000,G
53,0.000000,G
42,0.000000,G
21,0.000000,G
15,0.000000,G
7,0.000000,G
3,0.000000,G
8,0.000000,G
46,0.000000,G
10,0.000000,G
7,0.000000,G
17,0.000000,G
49,0.000000,G
75,0.000000,G
19,112100000000000000.000000,G
26,100000000000000000.000000,G
30,0.000000,G
16,0.000000,G
4,1300000000000000000.000000,G
17,0.000000,G
21,1000000000000000000.000000,G
3,0.000000,G
11,0.000000,G
10,0.000000,G
15,19473420000000000.000000,G
38,0.000000,G
48,0.000000,G
16,0.000000,G
25,15000000000000000.000000,G
15,0.000000,G
0,0.000000,G
10,0.000000,G
9,12998732000000000000.000000,G
13,100000000000000000.000000,G
33,0.000000,G
7,0.000000,G
8,10611546045619000.000000,G
0,0.000000,G
15,100000000000000000.000000,G
21,133000000000000000.000000,G
11,580951621132090624.000000,G
21,0.000000,G
38,10200498050923340.000000,G
34,0.000000,G
36,0.000000,G
19,0.000000,G
18,0.000000,G
71,0.000000,G
2,0.000000,G
49,0.000000,G
14,10000000000000000.000000,G
12,0.000000,G
34,0.000000,G
30,0.000000,G
52,0.000000,G
33,0.000000,G
11,0.000000,G
20,0.000000,G
29,0.000000,G
2,0.000000,G
43,0.000000,G
0,0.000000,G
25,0.000000,G
32,0.000000,G
18,0.000000,G
6,119999800000000000.000000,G
16,0.000000,G
12,0.000000,G
9,0.000000,G
28,121890000000000000.000000,G
7,100000000000000000.000000,G
23,0.000000,G
19,0.000000,G
32,0.000000,G
12,190000000000000000.000000,G
7,0.000000,G
9,0.000000,G
22,0.000000,G
16,48000000000000000.000000,G
28,0.000000,G
10,205200000000000000.000000,G
4,14684400424645640.000000,G
27,0.000000,G
31,10479538043487628.000000,G
7,0.000000,G
41,0.000000,G
5,0.000000,G
9,0.000000,G
71,0.000000,G
22,0.000000,G
48,0.000000,G
3,19602657978330508.000000,G
34,0.000000,G
8,0.000000,G
39,0.000000,G
17,0.000000,G
9,0.000000,G
34,0.000000,G
41,0.000000,G
27,0.000000,G
41,10000000000000000.000000,G
27,0.000000,G
40,0.000000,G
31,0.000000,G
21,150000000000000000.000000,G
41,0.000000,G
8,1050000000000000000.000000,G
16,0.000000,G
25,0.000000,G
31,12741000000000000.000000,G
7,0.000000,G
8,0.000000,G
3,18321000000000000000.000000,G
4,2524028289618835.000000,G
18,0.000000,G
28,0.000000,G
52,0.000000,G
27,0.000000,G
15,0.000000,G
36,0.000000,G
15,100000000000000000.000000,G
21,0.000000,G
61,0.000000,G
10,0.000000,G
31,0.000000,G
16,0.000000,G
50,0.000000,G
5,0.000000,G
20,0.000000,G
32,0.000000,G
8,120944590000000000.000000,G
5,20000000000000000.000000,G
17,10000000000000000.000000,G
21,0.000000,G
8,101400000000009008.000000,G
8,0.000000,G
38,10000000000000000.000000,G
35,0.000000,G
44,0.000000,G
4,28000000000000000.000000,G
5,670000000000000000.000000,G
20,10000000000000000.000000,G
37,0.000000,G
52,0.000000,G
39,0.000000,G
4,13000000000000000.000000,G
3,2457000000000000.000000,G
14,0.000000,G
9,0.000000,G
3,163704899895578080.000000,G
19,179999000000000000.000000,G
38,1000000000000000000.000000,G
20,0.000000,G
8,14000000000000000.000000,G
25,0.000000,G
31,0.000000,G
11,356900000000000000.000000,G
25,0.000000,G
5,200000000000000000.000000,G
26,0.000000,G
12,97615838325352512.000000,G
14,117792834485470256.000000,G
20,150000000000000000.000000,G
10,15000000000000000.000000,G
12,0.000000,G
41,0.000000,G
21,0.000000,G
15,0.000000,G
18,0.000000,G
46,0.000000,G
35,0.000000,G
32,0.000000,G
51,0.000000,G
11,10000000000000000.000000,G
31,0.000000,G
39,0.000000,G
32,0.000000,G
30,0.000000,G
10,0.000000,G
12,1500000000000000000.000000,G
36,0.000000,G
14,0.000000,G
3,0.000000,G
37,100000000000000000.000000,G
25,12092129385774310.000000,G
37,0.000000,G
10,25000000000000000.000000,G
19,13800000000000000.000000,G
40,0.000000,G
10,440000000000000000.000000,G
22,0.000000,G
15,0.000000,G
32,0.000000,G
21,0.000000,G
29,0.000000,G
3,0.000000,G
16,12944903134817950.000000,G
54,0.000000,G
33,0.000000,G
34,129692710000000000.000000,G
15,0.000000,G
31,0.000000,G
2,94453874958604896.000000,G
19,15000000000000000.000000,G
33,0.000000,G
10,133925947960302288.000000,G
36,0.000000,G
38,0.000000,G
20,16467496699324154.000000,G
6,30000000000000000.000000,G
51,0.000000,G
33,1000000000000000.000000,G
19,0.000000,G
22,10000000000000000.000000,G
11,20000000000000000.000000,G
9,0.000000,G
20,300000000000000.000000,G
9,0.000000,G
9,150932000000000000.000000,G
13,0.000000,G
12,1400000000000000000.000000,G
29,0.000000,G
6,0.000000,G
27,0.000000,G
26,0.000000,G
26,0.000000,G
29,0.000000,G
33,0.000000,G
30,0.000000,G
18,0.000000,G
40,0.000000,G
6,0.000000,G
39,0.000000,G
22,0.000000,G
3,0.000000,G
6,23929885435673476.000000,G
49,0.000000,G
38,0.000000,G
7,0.000000,G
4,230000000000000000.000000,G
23,0.000000,G
30,0.000000,G
44,0.000000,G
10,105293000000000000.000000,G
20,14783600000000000.000000,G
46,0.000000,G
20,0.000000,G
18,0.000000,G
4,0.000000,G
34,0.000000,G
4,10872108869865000.000000,G
6,27031139982603496.000000,G
25,0.000000,G
36,0.000000,G
4,20000000000000000.000000,G
11,0.000000,G
26,0.000000,G
7,30000000000000000.000000,G
26,0.000000,G
41,0.000000,G
35,0.000000,G
48,0.000000,G
29,1000000000000000.000000,G
22,209377000000000000.000000,G
34,0.000000,G
36,0.000000,G
10,0.000000,G
11,13026000000000000.000000,G
38,0.000000,G
30,0.000000,G
48,0.000000,G
41,0.000000,G
21,110000000000000000.000000,G
16,5000000000000000.000000,G
54,0.000000,G
36,0.000000,G
16,0.000000,G
18,0.000000,G
19,172301890000000000.000000,G
30,0.000000,G
44,0.000000,G
3,0.000000,G
14,0.000000,G
7,0.000000,G
15,1109660000000002432.000000,G
11,0.000000,G
30,0.000000,G
17,1010000000000000000.000000,G
18,0.000000,G
16,0.000000,G
4,0.000000,G
30,0.000000,G
2,0.000000,G
13,0.000000,G
24,0.000000,G
4,0.000000,G
59,1100000000000000.000000,G
43,0.000000,G
34,0.000000,G
18,27938374287593408.000000,G
2,50000000000000000.000000,G
19,0.000000,G
29,0.000000,G
1,0.000000,G
40,0.000000,G
28,116090000000000000.000000,G
10,0.000000,G
43,0.000000,G
4,557400000000000000.000000,G
5,100000000000000000.000000,G
15,20000000000000000.000000,G
47,0.000000,G
18,0.000000,G
41,0.000000,G
24,0.000000,G
0,0.000000,G
25,10447081250000000.000000,G
18,0.000000,G
49,0.000000,G
4,259000000000000000.000000,G
39,0.000000,G
55,0.000000,G
32,0.000000,G
13,322221549085900032.000000,G
5,11690000000000000.000000,G
15,0.000000,G
5,0.000000,G
21,0.000000,G
17,0.000000,G
30,10000000000000000.000000,G
17,0.000000,G
28,0.000000,G
19,0.000000,G
31,0.000000,G
31,0.000000,G
13,0.000000,G
42,0.000000,G
39,0.000000,G
4,563722960989657920.000000,G
4,13029428616847000.000000,G
4,1910000000000000000.000000,G
10,2800000000000000.000000,G
43,0.000000,G
3,63970660310009656.000000,G
23,0.000000,G
8,0.000000,G
19,100000000000000000.000000,G
11,0.000000,G
18,0.000000,G
3,2879070638167944704.000000,G
11,0.000000,G
26,2490000000000000.000000,G
4,0.000000,G
18,100000000000000000.000000,G
51,0.000000,G
23,0.000000,G
5,0.000000,G
27,0.000000,G
51,0.000000,G
15,0.000000,G
21,0.000000,G
42,0.000000,G
24,0.000000,G
12,0.000000,G
6,0.000000,G
33,0.000000,G
14,0.000000,G
43,0.000000,G
16,1180000000000000000.000000,G
22,0.000000,G
18,150000000000000000.000000,G
9,0.000000,G
26,0.000000,G
12,0.000000,G
9,35000000000000000.000000,G
35,0.000000,G
10,20000000000000000.000000,G
5,2811394086229944320.000000,G
15,0.000000,G
5,0.000000,G
42,0.000000,G
21,0.000000,G
37,0.000000,G
4,22122367640466008.000000,G
43,0.000000,G
25,10000000000000000.000000,G
36,0.000000,G
16,0.000000,G
48,0.000000,G
25,100000000000000000.000000,G
31,0.000000,G
24,0.000000,G
27,0.000000,G
20,207800000000000000.000000,G
3,30704236971067600.000000,G
48,0.000000,G
28,109200000000000000.000000,G
11,135500000000000000.000000,G
2,6000000000000000.000000,G
36,0.000000,G
21,0.000000,G
36,0.000000,G
11,0.000000,G
30,106308590000000000.000000,G
45,0.000000,G
40,10000000000000000.000000,G
3,30000000000000000.000000,G
67,0.000000,G
2,0.000000,G
27,0.000000,G
6,300000000000000000.000000,G
15,0.000000,G
19,0.000000,G
17,213515230000000000.000000,G
15,10000000000000000.000000,G
27,0.000000,G
22,0.000000,G
35,0.000000,G
0,0.000000,G
36,0.000000,G
31,0.000000,G
14,0.000000,G
44,0.000000,G
20,0.000000,G
10,12080000000000000.000000,G
13,170000000000000000.000000,G
26,0.000000,G
4,269806653652208448.000000,G
19,100000000000000000.000000,G
12,275000000000000000.000000,G
44,0.000000,G
43,0.000000,G
22,0.000000,G
46,0.000000,G
35,0.000000,G
30,100899633705304160.000000,G
30,0.000000,G
30,0.000000,G
19,0.000000,G
23,21270000000000000.000000,G
35,0.000000,G
6,30500000000000000.000000,G
4,273782566479136960.000000,G
62,0.000000,G
3,309289331878213824.000000,G
8,1800000000000000000.000000,G
21,0.000000,G
30,0.000000,G
42,0.000000,G
41,0.000000,G
13,0.000000,G
11,100000000000000000.000000,G
43,0.000000,G
17,1000000000000000000.000000,G
28,0.000000,G
24,0.000000,G
6,0.000000,G
1,777000000000000.000000,G
8,22099190700000002048.000000,G
42,0.000000,G
2,24919000000009000.000000,G
4,19365155105645000.000000,G
22,0.000000,G
14,0.000000,G
2,399000000000000000.000000,G
35,0.000000,G
22,0.000000,G
5,296788027071339008.000000,G
30,0.000000,G
20,0.000000,G
31,0.000000,G
14,0.000000,G
